guc,spa
aa ,sí
aainjaa ,hacer
aainjaa ,elaborar  fabricar
aainjaa ,construir
aainjala ,acción mala pecado
aainjala ,hecho
aajuna ,cubierta  techo
aajuna ,aa'u
aajüin,aashin
aakataa ,quitar
aa’ayajirawaa,discutir
aa’ayula ,calor  temperatura
aa’in ,corazón  alma  espíritu  mente  voluntad
aa’inmajaa ,cuidar
aa’inraa,hacer
aa’inyajaa ,colgar una hamaca  amarrar el cinturón
aa’irü ,tía (materna)
aa’u ,en
aa’u ,encima de
aa’u ,sobre
aa’u ,por (precio)
aa’u ,por causa de
aa’u ,— conj
aa’u ,como  puesto que
"aalin, aalii ",por causa de
"aalin, aalii ",— n_pos
"aalin, aalii ",dolor
aaluwain ,tobillo
aamaka ,cementerio
aamaka ,difunto  -ta
"aamüjaa, aamajaa",ayunar
aanala ,cobija
aanekaa ,eenakaa
aanükü ,boca
aapaa (1) ,dar
aapaa (2),oír
aapajaa ,v_t
aapajaa ,escuchar
aapawaa,tomar  coger
aapawaa,aceptar
aapiee,mensajero  -ra
aapiraa,avisar
aapuwaa ,estar enfermo  -ma
aapuwaa ,— v_i
aapuwaa ,enfermarse
aashajawaa ,hablar
aashajawaa ,— v_t
aashajawaa ,criticar
aashaje’eraa ,leer
aashichijaa ,enojar  provocar
aashichijaa ,jashichii
aashichijawaa ,enojarse
"aashin, aajüin ",según
aataa eejuu ,oler
aawain ,peso
aawain ,influencia
aawain ,jawataa
aawalaa ,aflojar
aawalaa ,soltar
aawalawaa ,aliviarse  mejorarse de una aflicción
achajawaa,buscar
achajawaa,mekeerüü
acha’a ,excremento
acha’a ,óxido
achecheraa ,apretar
achecheraa ,tensar
achecheraa ,ichee
achekaa ,querer
achekajaa ,cobrar deuda  reclamar
ache’e ,oreja  oído
achepchia ,sirviente  -ta
achepchia ,esclavo  -va
achepü,pintura para la cara
achiawaa ,amonestar  aconsejar
achiirua,detrás de
achijiraa ,despertar
achijirawaa,despertarse
achikanain ,huella
achikanain ,rastro
"achiki, achikü ",relato  noticia
"achiki, achikü ",— posp
"achiki, achikü ",acerca de
achikijee ,después de
achikijee ,más allá de
achikijee ,— conj
achikijee ,después de que
achikiru’u ,después de la salida de  en ausencia de
achikiru’u ,ama'ichiki
achikua’a ,achukua'a
achira ,seno
achira ,leche
"achisa, achise, aise ",carga
achitaa ,martillar
achitaa ,clavar
achon ,hijo  -ja
achon ,cría
achon ,fruto  fruta
achon ,achonnii  achooin
achon’irü ,sobrino  -na (materno de hembra)
"achonyaashi, -sü ",n_pos
"achonyaashi, -sü ",no m
"achonyaashi, -sü ",hijastro  -tra
"achonyaashi, -sü ",hijo adoptivo  hija adoptiva
"achukua’a, achikua’a ",otra vez en cuanto a
"achu’laa, atu’laa ",besar
"achu’laa, atu’laa ",chupar
"achu’laa, atu’laa ",atujawaa
"achumajaa, achunjaa ",estar celoso  -sa; estar envidioso  -sa
achuntaa ,pedir
achuwajawaa ,prender (fuego)
achuwajawaa ,arrancar (un motor)
achuwajawaa ,— v_t
achuwajawaa ,prender (fuego)
achuwajawaa ,chuwataa
achuwala ,llama
achüküjaa ,hacerle cosquillas
achüküjaa ,comprimir
achükütaa ,a'chükütaa
achü’ü ,riñón
ai (1) ,diente
ai (1) ,aliina
ai (2),noche
ai (3),yuca
ai (3),a'aise
"aicha, aiche",ropa interior
aikeyuu ,nieto  -ta; descendiente
aikkaa,oikkaa
aikkalawaa ,sentarse
aikkalawaa ,posesionarse
aikkale’eraa,sentar
aikkale’eraa,establecer
aikkale’eraa,instalar
ainchi ,cuñado (de varón)
ainkaa ,poder  lograr
ainkuwaa aa’in ,asustarse
ainkuwaa aa’in ,sorprenderse
ainküin ,en  entre
aipa’a ,de noche
aipa’inka ,anoche
aippia ,árbol trupillo  cují
aippia ,a'aippiase
aippirua ,pron
aippirua ,seis
airu’u ,en la horqueta de  entre el diente de
aise ,achisa
"aiwaa, alii ",doler
"aiwaa apüla, alii apüla ",ser amado por
aja'apüin ,tamaño (por altura  longitud)
aja'itaa ,recoger agua
aja'itaa ,sacar (un líquido)
aja'lajawaa ,terminarse  agotarse
aja'laje'eraa ,agotar
aja'laje'eraa ,destruir  exterminar
aja'ttaa ,terminarse  acabarse
"ajapkii, ejepkii ",muñeca
ajapulu'uwaa ,estar a cargo de
ajapü ,mano
ajapüna ,pulsera
ajaraittaa ,halar
ajaraittaa ,arrastrar
ajataa ,golpear  pegar
ajayajaa ,v_t
ajayajaa ,espiar
ajayajaa ,— v_t
ajayajaa ,acechar
ajuichajaa,ojuichajaa
"ajuittaa, ojuittaa ",salir
"ajuittiraa, ojuittiraa ",sacar
"ajuittiraa, ojuittiraa ",librar
"ajujawaa, ojujawaa",bostezar
"ajulijaa, ojulejaa ",v_t
"ajulijaa, ojulejaa ",mendigar
ajuntaa ,ojuntaa
ajununtawaa ,ojununtawaa
"ajurulajaa, ojurulajaa ",revolver
"ajutaa, ojutaa ",tirar  lanzar
"ajutaa, ojutaa ",botar
"ajutalaa, ojutalaa ",abrir
ajuttaa ,ojuttaa
ajuttiraa ,ojuttiraa
"ajutu, ojutu ",valor
"ajutuwaa, ojutuwaa ",caerse
ajuuna ,ojuuna
"ajuyaajaa, ojuyaajaa ",pedir prestado  tomar prestado
"ajuyaajaa, ojuyaajaa ",deber
"ajuyaala, ojuyaala ",deuda
ajü ,savia  resina
ajü ,pus
ajütaa ,enviar  mandar
ajütaa achikü ,soltar
ajütaa achikü ,empujar
ajütawaa achikü ,rechazar  rehusar
ajüttawaa ,ejittawaa
aka ,con (instrumento)
aka ,— conj
aka ,porque  como
"akaaliijaa, akaalinjaa ",ayudar
akacheraa ,colgar
akaijaa ,fumar
akaijaa ,ahumar
"akaisa'a, akatsa'a, akanasa'a ",pero  sin embargo
"akaisa'a, akatsa'a, akanasa'a ",Son las formas masculina  no masculina  y plural
"akaisa'a, akatsa'a, akanasa'a ",La conjunción concuerda con el complemento del verbo transitivo o con el sujeto si el verbo no es transitivo
akajee ,por medio de
akajee ,— conj
akajee ,porque
aka'aya ,asimismo
"akalia, aka'iya ",fecha  día de  tiempo de
"akalia, aka'iya ",ka'i
akalu'ujaa ,llenar
akalu'ujaa ,alu’u
akanain ,sueldo  ganancia
akanajaa ,ganar
akanajaa ,vencer
akanajuwaa ,ser vencido  -da
"akaratshi, akaraishi ",pron
"akaratshi, akaraishi ",siete
akasalajaa ,asalajaa
akatalaa ,separar  apartar
akatalawaa ,apartarse
"akotchajaa, okotchojoo ",recoger  reunir
"akotchajawaa, okotchojowaa ",reunirse  juntarse
akua ,viaje
akua ,curso
akua ,paso  velocidad
akuaippa ,forma  naturaleza
akuaippa ,manera
akuaippa ,conducta  costumbre
akuaippa ,vida
akulajawaa aa'in ,sentir pereza
akulajawaa aa'in ,estar aburrido  -da
"akumajaa, aku'ujaa, akunyajaa ",hacer  construir
"akumajaa, aku'ujaa, akunyajaa ",arreglar
"akumajaa, aku'ujaa, akunyajaa ",componer
"akumajaa, aku'ujaa, akunyajaa ",crear
akurulaa ,tener frío
akutkujawaa ,temblar
aküjaa ,contar
aküjaa ,confesar
aküjaa achikü ,acusar  denunciar
akünülaa ,masticar
a'ajaa,quemar
a'aka ,entre
a'aka ,en (mezclado)  en medio de
a'alain ,mentira
a'alain ,alawaa
a'alijawaa ,estar de parto
a'anaa ,armar
a'anaa ,tejer (en un telar)
a'anaa ,anülü  e'inaa
a'anapaa ,pedir prestado
a'anawaa ,vestir  vestirse
a'apüla ,arma
a'ata ,parte  pedazo  porción
a'ata ,lado
a'ata ,compañero  -ra; socio  -cia
a'ataa ,ponerle a uno (vestido  prenda); ponerse (vestido  prenda)
a'atapajaa ,esperar
a'ato'u ,al lado de
a'chaataa,a'yaataa
"a'chükütaa, achükütaa, a'tkütaa ",pisar
a'ikaa,e'ikaa
a'itaa ,pegar (con un proyectil)
a'itaajuya ,llover
a'ktütajawaa ,sufrir un ataque
a'lakajawaa ,cocinar
a'lapüjaa ,soñar con
"a'luwajaa, a'uwajaa, o'uwajaa ",robar
"a'luwatawaa, o'uwatawaa ",huir  escapar
a'tkütaa ,a'chükütaa
a'ttia ,cosecha  cultivo
a'ttia ,a'ttiee
a'ttia ,pünajüt
a'uwajaa ,a'luwajaa
a'ü ,semilla
a'ü ,bala
a'üi ,suegro (de mujer)
a'üi ,nuera (de varón)
a'ülü ,suegra (de mujer)
a'ülü ,nuera (de mujer)
a'ülüjaa ,regañar
a'ülüjirawaa ,discutir
a'ünüü ,enemigo  -ga
a'ürülawaa ,odiar
a'ütpa'a ,al lado de  junto a
a'waajaa ,alabar
a’waataa ,gritar
a’waatawaa ,jactarse
a’wala ,cabello
a’wala ,walashi
a’walakajaa ,v
a’walakajaa ,t dispersar  esparcir
a’wanajawaa ,cambiar
a’wayuuse ,esposo  -a
a’wayuuse ,wayuu
"a'wiira, a'wüira ",lágrima
"a'wiira, a'wüira ",manantial
"a’yaataa, a’chaataa ",pegar  golpear  azotar
a’yalajaa ,llorar
a'yalajiraa ,tocar (música o instrumento)
a'yalajiraa ,tener velorio
"a’yapüjaa, a’yapajaa ",coser
"a’yataai, -taalü ",n
"a’yataai, -taalü ",no m
"a’yataai, -taalü ",trabajador  -dora
"a’yataai, -taalü ",a'yataalii
a’yatawaa ,trabajar
a’yatawaa ,— n
a’yatawaa ,trabajo
alama ,pasto
alama ,a'alamase  a'alamain
alapajaa ,lamentar la muerte de uno  asistir a un velorio
alataa,pasar  suceder
alaüla ,tío (materno)
"alaülashi, -sü",n_pos
"alaülashi, -sü",no m
"alaülashi, -sü",jefe  -fa; comandante; dueño  -ña
"alaülashi, -sü",pl alaülashii
"alaülashi, -sü",laülaa
alawaa ,mentira
alawaa ,a'alain
aleewaa ,tener amistad
ale’e ,estómago  vientre  abdomen  barriga
ale’ejaa ,volver  regresar
ale'eru'u ,en el vientre de  en el interior de
alerajaa ,sentir asco por  aborrecer  desdeñar
aleshi ,cuñado (de mujer)
alia ,precio  valor
alii ,aiwaa
aliichajaa ,ordeñar
aliichajaa ,exprimir
"aliika, aliuuka ",por la tarde
aliikainka ,ayer
aliikajawaa ,subir  subirse
aliima ,e iima
aliina ,muela
aliina ,aii
aliita ,totuma (especie de calabaza)
aliita ,a'aliitain V
aliita ,iita
alijuna ,blanco  -ca (persona no wayuu); civilizado  -da (persona no wayuu)
alijuna ,a'alijunase
alijunaiki ,español (idioma)
alio’u ,herida
aliuuka ,aliika
alu’u ,dentro de  en
alu’ujasa’a ,pero
alumajaa ,amansar (caballo  mula  burro)
aluuwain ,pecho
aluwatawaa ,gobernar  mandar
aluwatawaa ,— v_t
aluwatawaa ,enviar  mandar
aluwatawaa aa’u ,gobernar
alüin ,nieto  -ta
alüinyuu ,cuñada (de varón)
alüjaa ,rastrear
alü’üjaa ,llevar  cargar  traer
alü’ülaa ,acercarse (en el tiempo; a un meta)
alü’ülaa ,arütkawaa
ama ,caballo  pos
ama ,a'amain
amaa ,con (acompañamiento)
amaa ,— conj
amaa ,y  que  siendo que
"amaajachi, -tü",n_pos
"amaajachi, -tü",no m
"amaajachi, -tü",compañero  -ra
"amaajachi, -tü",amaajana
"amaajachi, -tü",o'uyaajana
amaiwa ,en aquel tiempo de
ama’a ,duración
ama’ana ,donde  en posesión de
"ama’ichiki, ama’ichikü ",antes de la salida de
"ama’ichiki, ama’ichikü ",achikiru'u
ama’inru’u ,mientras
amanee ,bondad  cariño
amaünajaa ,cobrar por daño a una persona
amaüsijaa ,domar  amansar
amojujaa ,dañar  perjudicar
"amuuyuu, amouyuu ",cementerio
"amuuyuu, amouyuu ",a'amuuyuuse
amüchi ,múcura (vasija de barro cocido para agua)
amüchi ,amüche
amüin ,a  para
amüiwa’a ,solo  -la; mismo  -ma; propio  -pia
amüla ,garganta
amülaa ,derramarse  gotear
amüliajaa ,compadecerse de  tener compasión de
amüliajaa ,consolar
amüliajaa ,ayudar
amüliala ,sufrimiento
amülira,vello
amülira,pluma
amüloulii ,perderse
amüloulii ,perecer
amüraajüin ,novio  -via
amüsain ,humo
"amüschejaa, amüschijaa ",atragantarse
ana ,diseño
ana ,color
anaa (1),ser bueno  -na; estar bien
anaa (1),— v_i
anaa (1),sanar
anaa (1),— n
anaa (1),salud
anaa (2) ,aquí están  estamos
anaa (2) ,anii  anuu
anaajawaa,guardar
anaatawaa,*v_i
anaatawaa,acomodarse
anachonwaa,ser bonito  -ta
anain ,en  a
anain ,— conj
anain ,rel que  siendo que
anainjee ,de  por
anainjee ,— conj
anainjee ,porque (como consecuencia de)
anainmüin ,a  hacia
anainmüinre’eya ,hasta
anainmüinre’eya ,— conj
anainmüinre’eya ,hasta que
anajaa,mirar  observar
anajaa aa’u ,vigilar
anajaa aa’u ,cuidar
anakaa,alumbrar
analawaa,averiguar qué es  examinar
analawaa,averiguar cómo está
analüü,estar mejor de salud
"anamiaa, anemiaa",ser bueno  -na; ser justo  -ta; ser bondadoso  -sa
"aneekaa, aneukaa",escoger  elegir
anii ,aquí está  estoy (masculino)
anii ,anuu  anaa (2)
anneerü,oveja
anneerü,a'anneetse
ano’u ,diseño
"anooi, anoui",terreno despejado
"anooi, anoui",a'anooise
"anooipa’a, anouipa’a ",afuera
"anoujaa v.i.,",creer
"anoujaa v.i.,",— n
"anoujaa v.i.,",fe
anouktaa,corregir  arreglar  poner en orden
anoula ,fe
antaa,*v_i
antaa,venir  llegar
antaa anain,encontrar
antiraa,traer
anua,barco
anua,a'anuain
anujulaa,ounjulaa
anujulawaa,ounjulawaa
anulu ,nuca  cuello
anuu ,aquí está  estoy (no masculino)
anuu ,anii  anaa (2)
"anüiki, anüikü ",voz  habla
"anüiki, anüikü ",palabra  mensaje  opinión expresada
"anüiki, anüikü ",idioma
anülia ,nombre
anüliee,lista de nombres
anüliee,mensajero
anülü,telar
anülü,a'anülüin
anülü,a'anaa
apaajirawaa ,separarse (cada uno a su propio camino)
apachera ,dedo (del pie)
apachera ,ejepira
apain,huerta
apain,a'apainse
apain,yüüja
apa'a ,superficie  piso
apa'a ,— posp
apa'a ,en (el área de)
apalaalajaa ,ir de compras
apalanajawaa ,fluir
apalapajaa,hacer rodar
apalapajawaa ,rodar
apalirajaa,mezclar
apanai (1),hoja
apana (2),hígado
apanapajaa,encontrarse con una persona en el camino
apantajawaa ,irse corriendo
apasiajawaa ,hacer una visita  pasear
apato'u ,uña  garra  pezuña
aponoo,oponoo
apü ,atadura  cabestro  cuerda  sarta (de cuentas)
apücho'u ,detrás de
apü'ü ,muslo
apü'üya ,pastor  -tora; guardián  -diana; cuidador  -dora
apüla ,para  por
apüla ,— conj
apüla ,rel para que
apülain ,poder
apülajaa,prohibir
apülapünaa ,antes de
apülapünaa ,— conj
apülapünaa ,antes de que
apülee ,lugar  sitio  puesto
apüleerua ,delante de
apüna ,camino  sendero
apüna ,wopu
apünajaa,sembrar
apünüin ,pron
apünüin ,tres
apüshi ,familia  pariente
apüshi ,compañero  -ra
apüshi ,parte
apüshua'a ,pron
apüshua'a ,todo  -da
apütaa,dejar
apütawaa ,ser dejado  -da; quedar
apütawaa apüla ,dejar sobras a
apütawaa apüla ,despedirse de
apüttaa ,romperse (algo como cuerda  bolsa)
apüya,epia
aralajaa,dejar en remojo
aralo'u ,coronilla
aralo'u ,— posp
aralo'u ,encima de  sobre la cabeza de
arülaa,ser delgado  -da (de objetos planos)
arüleejaa,pastorear
arütkawaa ,acercarse a
arütkawaa ,alü'ülaa
asa ,filo
asaa,beber
asaajaa,traer  ir a buscar
asachiralü ,vaca
asachiralü ,paa'a
asakaa,saludar
asakiraa ,preguntar
asa'a ,pierna  pata
asa'a ,horcón (de la casa)  columna
asa'wajaa,alcanzar
asala ,a causa de  por
asalaa,carne
"asalajaa, akasalajaa",afilar
asanalaa aa'in ,respirar  suspirar
asapain ,rodilla
asapia ,pasaje
asapü ,espalda  columna vertebral
asatala ,codo
asawaa,beber (bebida alcohólica)
ase ,fibra  pulpa  borra
ase'eru'u ,mitad  cintura
ase'ewain ,cadera
asema ,leña
asema ,fuego
asema ,siki
asepü ,pared
aseyuu ,espíritu de la piache
asi ,cola
asii ,flor
asiipü ,sobrino  -na (materno de varón)
asiipü ,asiipünuu
asiiyajawaa,ensillar
asijaa,asar
asijaa,quemar
asijaa,marcar
asipala (1) ,cicatriz
asipala (2) ,viga lateral
asira ,risa
asiraa,dar de beber
asirajaa ,reirse
asiranajawaa ,resbalarse
asirü ,presa
asirü ,culpa
asiwataa,desatar
aso’iraa aa’in,oso’iraa aa’in
aso’irawaa aa’in,oso’irawaa aa’in
"asotaa, osotaa",apuñalar  pinchar
"asotaa, osotaa",— v_i
"asotaa, osotaa",brotar  retoñar
"asottaa, osottaa ",quebrarse
"asottaa, osottaa ",— v_t
"asottaa, osottaa ",quebrar
asouktaa ,responder
asukaa,recoger leña
asukawaa apüla,esperar (con preocupación)
asukawaa apüla,echar de menos
asüküitaa ,rasgarse
asüküitaa ,— v_t
asüküitaa ,rasgar
asü’ütaa,arrancar
asü’ütaa,— v_i
asü’ütaa,salir  desprenderse
asüla ,arteria  vena
asüla ,tendón
asülajaa,regalar
asürülaa,cerrar
asürülaa,encerrar
asürülaa,süttaa
asüsiinajaa,acecinar (salar la carne y secarla al aire)
asütaa,quitar
asha ,sangre
asha ,isha
ashaittaa ,jugar
ashajaa ,v_t
ashajaa ,escribir
ashajawaa,pintarse la cara
ashakataa ,bajar  descender
asha’walawaa ,ponerse de pie
asha’walawaa ,pararse
asha’walawaa ,sha’wataa
ashantajaa,adivinar (por suposiciones)
ashapajawaa ,darse prisa  tener prisa
ashapatawaa ,preocuparse
ashataa (1) ,sanar (una herida)
ashataa (2),copiar  imitar  aprender imitando
ashatawaa ,partirse
ashatawaa ,— v_t
ashatawaa ,partir
ashe’ejirawaa ,pelear con puños
ashe’etaa,golpear  patear
ashe’etuwaa oo’ui ,tropezar
ashe’in ,ropa
ashe’in ,she’in
ashi ,padre
ashi ,tío (paterno)
ashi ,ashüü
ashiitaa ,orinar
ashijawaa,lavar (ropa)
ashimia ,suegro (de varón)
ashimia ,yerno (de varón)
ashiyaashi ,padrastro
"ashottaa, oshottoo",cortar (con hacha  machete)
ashoujaa ,estornudar
ashuku ,huevo
ashunuu ,hermana menor (de varón)
ashutaa ,meterse  entrar a la fuerza
ashutaa aa’u ,invadir  atacar
ashuunajaa ,nadar
ata ,piel  cuero
ata ,cáscara  corteza
ata ,cubierta  envoltura  vaina
ataa ,atragantarse
"atak, atek ",¡caramba!
ata'ülaa,coger  agarrar
atalejaa,tocar (tambor  puerta)
atamawaa ,levantarse
atamawaa ,incorporarse
ataralawaa amaa,confiar en  contar con
"ataralüichi, -rü ",adulto  -ta
ataüjawaa,violar (a una mujer)
atchin,atsüin
atek,atak
atkaa,flechar  punzar
atkaa,— v_i
atkaa,retoñar
atkawaa ,pelear
atouta ,piel entera  superficie entera
atpajaa,recolectar (alimento)
atpanaa,conejo  -ja
atpanaa,a'atpanaase
"atsüin, atsin, atchin ",fuerza  fortaleza
atujawaa ,mamar
atujawaa ,achu'laa
"atujeejachi, -tü ",n_pos
"atujeejachi, -tü ",no m
"atujeejachi, -tü ",subordinado  -da
"atujeejachi, -tü ",atujeejana
atujuna ,viga
atu'laa,achu'laa
atu’u ,superficie interior  superficie inferior  parte superior de las piernas
atulaa,entretejer  tejer  trenzar
atunkaa ,dormir
atuushi ,abuelo
atuushi ,antepasado
atuushi ,atuushinuu
atüjaa,saber
atüjawaa aa’u,saber de
atükaa,formar  moldear
atükaa pootshi,embarrar
atükawaa ,atascarse
atüma ,por
atüna ,brazo  ala
atüna ,rama
atüna ,pluma
atünajutü ,amigo  -ga
atürüla ,trueno  paso estruendoso de animales
"atütüjaa, atütajaa",animar  alentar
aüjaa,cortar (el pelo)  afeitar  trasquilar
aüjawaa,matar (ganado)
aüjawaa,desollar
aüliijana ,collar
aürülaa,estar flaco  -ca
aüttawaa,ejittawaa
awaa ,saliva
"awachira, awatira ",carrera
awajawaa ,rajarse  partirse
awala ,hermano  -na
awala ,awalayuu
awalaajaa,pagar
awalaajaa,walawaa
awalainse ,mandíbula  quijada
awala’ata ,compañero  -ra; pareja
awalapa’a ,mejilla
awarala ,luz
awarala ,waratshii
awareejaa,barrer
awashirüin ,riqueza
awataa ,volar  despegar
awataa ,saltar  brincar
awataa ,— v_t
awataa ,saltar
awatawaa ,correr
awatawaa ,soplar (el viento)
awatawaa ,volar (por el viento)
awatira,awachira
awatse ,costilla
"awaüya, awaüye ",Semillas (para la siembra)
"awaüya, awaüye ",waüyee
awoutisaajaa,owoutisaajaa
ayaa ,relámpago
"ayaakua, o’uyaakua ",imagen  fotografía
"ayaakua, o’uyaakua ",ejemplo
ayaawajaa,contar  medir
ayaawase ,señal  símbolo
ayaawataa,reconocer  distinguir
ayaawataa,medir
ayaawataa aa’u ,entender
ayalajaa,comprar
ayaleraa,levantar  alzar
ayaluju,ayolojo
ayamüjaa,ayounjaa
ayataa ,seguir
ayee ,lengua
"ayolojo, ayaluju ",sombra
"ayolojo, ayaluju ",apariencia
"ayolojo, ayaluju ",espíritu  fantasma
ayoujaa,criticar
ayoujirawaa ,competir
ayouktaa,rechazar
"ayounjaa, ayamüjaa",azotar severamente
ayu’laa,sacar
ayu’laa,retirar
ayu’laa,restar
ayuulii,estar enfermo  -ma
ayuulii,— n
ayuulii,enfermedad
ayuulii,mayeinwaa
ayülain ,intestino  tripa
ayüüjawaa,moler
chajaruuta,machete
chajaruuta,achajaruutse
cha’aya ,allá (lejos)
che’esaa,arete
che’esaa,ache'ese
che’ojawaa,cho'ujawaa
chi ,este
chii ,pron éste
chii ,— adj
chii ,este
chii ,Esta forma del adjetivo se usa después del nombre
"chiiruajachi, -tü ",posterior; último  -ma
"chiiruajachi, -tü ",— n
"chiiruajachi, -tü ",n no m posterior; último  -ma
chira ,ese
chira ,— pron ése
chirinchi,aguardiente
chirinchi,-in
chisa ,aquel
chisa ,— pron aquél
chocho ,trompo
chocho ,-in
"cho’ujawaa, che’ojawaa, ja’ijawaa",faltar
chuwataa,estar encendido  -da; estar prendido; estar brillando
chuwataa,achuwajawaa
chü’laa,estar mojado  -da
chü’laa,— v_i
chü’laa,mojarse
chünü’ü,colibrí
eechin ,marido  esposo
eejirawaa ,luchar
eejuu ,olor
ee’irain ,canción
ee’irain ,jayeechi
"ee’irajaa v.i.,",cantar
ee’iraka ,sustituto  -ta; suplente
ee’iranajawaa,cambiar  reemplazar
ee’iranajawaa,— v_i
ee’iranajawaa,transformarse
ee’irataa,cambiar
ee’iratawaa,cambiar de esposo  -sa
ee’iree ,por afán de
ee’iree ,— conj
ee’iree ,para que
ee’iyalawaa ,aparecerse  asomar
ee’iyalawaa ,asomarse
ee’iyataa,mostrar  señalar  revelar
eema ,miedo a
eemerawaa ,descansar
eemerawaa ,— n
eemerawaa ,descanso
eemioushi ,sombra
"eenakaa, aanekaa, ounekaa",llamar
eerüin ,esposa
eetaa,v_t
eetaa,vomitar
eewaa,haber  existir
eewaa ama’ana ,tener
eewain ,víctima
eewawaa ,accidentarse  lastimarse  dañarse
ei ,madre
ei ,tía (paterna)
ei ,eyüü
"eimalawaa, ejimalawaa ",calmarse  apaciguarse
eimata ,labio
eimüse,eipüse
einalu'u ,en el fondo de  en el principio de
einalu'u ,— n_pos
einalu'u ,nalga
einase ,asiento
eipiraa,perseguir
"eipüse, eimüse ",hueso
"eipüse, eimüse ",espina
"eipüse, eimüse ",jiipü
eirakawaa ,mirar
eisalajaa,cuidar  asear
eisalawaa ,acostarse
eitajaa,repartir
eitawaa ,volver  regresar
eite’eraa,devolver
eiwa’ajaa aa’in,perturbar  alborotar  incitar
eiyaasü ,madrastra
eiyajaa,curar
eiyajaa,hechizar
ejeerüjaa,marcar
ejejerawaa ,cuchichear  secretear
ejepira ,dedo (de la mano)
ejepira ,apachera
ejepkii,ajapkii
ejerü ,cuerda (para colgar la hamaca)
ejetaa,escupir
ejimalawaa,eimalawaa
ejitaa,verter (polvos o granos)  echar (polvos o granos)
"ejittawaa, ajüttawaa, aüttawaa",atar
ekaa,comer
ekaa,picar
eke’ejaa aa’in,molestar
ekeraajaa,terminar  cumplir
ekeraajaa,— v_i
ekeraajaa,cumplirse
ekeraajaa,kerawaa
ekerojiraa,meter
ekerolaa ,entrar
ekia ,mano derecha
ekia ,utensilio para comer
ekii ,cabeza
ekii ,mente
ekii ,tocón
ekii ,fuente
ekii ,origen
ekii ,decena (para formar números)
ekii ,ekiyüü
ekiipala ,almohada
ekiipala ,viga maestra  cumbrera
ekiipü’ü ,cabeza (de un grupo)  guía  jefe
"ekiisa, ekiise ",grito
"ekiisa, ekiise ",kiisa  kiise
ekiisholoin ,cerebro  seso
ekiraa,dar de comer
ekirajaa,enseñar
ekirajawaa,estudiar  aprender
eküülü,comida  alimento
eküülü,eküin
e’e ,plaga  parásito
e’ejena ,cabalgadura
e’ejena ,vehículo  carro
e’ejü ,sabor
e’erü ,cuñada (de mujer)
e’ichi ,nariz
e’ichi ,hocico
e’ichi ,pico (de un pájaro)
e’ichi ,punta
e’iijaa ,tener diarrea
"e’iima, aliima ",barba
e’iitaa ,defecar
"e’ikaa, a’ikaa",enseñar  instruir
"e’ikaa, a’ikaa",llevar
e’ikajawaa,llevar y dejar
e’ikawaa,estar herido  -da
e’inaa,tejer con aguja
e’inaa,a'anaa
e’ipa ,pedazo  parte
e’ipajee ,en respuesta a
e’ipo’u ,frente
e'ipolo ,tapa
e'ipolo ,rival
e’ipünawaa,llevar y dejar de camino  dejar de paso
e’ira ,sonido  ruido
e’ira ,llanto
e’ira ,canto (de animal)
"e’iruku, e’itku ",carne  cuerpo
"e’iruku, e’itku ",casta
e’iru’u ,punta
e’iru’u ,— posp
e’iru’u ,en la punta de
e’iruma ,primogénito  -ta
e’itaa,aportar
e’itawaa,poner  meter
e’itawaa,proponer  suponer
e’itawaa,designar  asignar  establecer
e’itku,e'iruku
"e’iyeise, e’iyeinse ",barbilla  mentón
e’iyou ,visita; huésped  -da
e’raa,ver
e’raa,experimentar
e’raajaa,conocer
e’rajaa,mirar
e’rajaa aa’u ,cuidar  vigilar
e’rajawaa,mirar  observar  examinar
emechi ,brasa
emeejaa,engañar
emeejaa,defraudar
eme’eraa aa’in,convencer  persuadir
eme’eraa aa’in,atraer
eme'erainpala ,blanco de broma o burla
eme’erajawaa ,bromear
"ememajaa, ememejaa ",lloviznar
emeriijaa,emiriijaa
emeroloo ,hundirse
emeshi ,suegra (de varón)
emetulu ,en voz alta  fuertemente
emia ,comida para el viaje
emiirua ,hermana menor (de mujer)
emi’ijaa ,jugar
emi'ira ,juguete
emiraa,estar harto  -ta
emiralaa,tragar
"emiriijaa, emeriijaa",medir
emülia ,hermano menor
emülia ,emüliee
epaya ,hermano  -na mayor
epejawaa,prender  encender
epejawaa,— v_i
epejawaa,v_t
epejawaa,arrancar (un motor)
epe'e ,mano izquierda
eperaa,estar borracho  -cha
eperaa,— v_i
eperaa,emborracharse
eperulajaa ,chismear
eperü’üi,sapo
epesajaa,pesar
epetaa,ser poco profundo  -da
epettaa,tocar
epi (1) ,medicina  remedio  veneno (para exterminar algo)
epi(2) ,cabo  mango (de un utensilio)
"epia, apüya ",casa
"epia, apüya ",nido
"epia, apüya ",miichi
epijaa,criar
epijaa,sustentar
"epijana, epishana ",ruido de objetos producido por golpes o fricción
epirajaa,llenar  inflar
epishana,epijana
epitanajaa,v
epitanajaa,t
epitanajaa,barrer
era ,jugo  savia
era ,caldo
era ,sudor
eroku ,en (un líquido)
erouse ,tapa  tapón
erü,perro  -rra
erü,mürülü
eweetaa ,salir a la vista  aparecer
ewein ,lunar
ewiijaa ,silbar
ichee,estar tenso  -sa
ichee,estar apretado  -da
ichee,estar  ser tieso  -sa; estar  ser firme; estar  ser fijo  -ja
ichee,estar  ser duro  -ra
ichee,ser resistente  ser inflexible
ichii,sal
ichii,árbol dividive
ichii,e'ichiise
iipünaa ,arriba
iisho,ave cardenal coriano
iita,recipiente para comida o bebida
iita,-in
iita,aliita
iiwa,primavera (tiempo de lluvias menores)  Pléyades (constelación)
ipa,piedra
ipa,eipain
"ipooluu, ipuoluu",estar encinta  estar embarazada
iraa,ser insípido  -da; tener poco sabor
irama,venado
irolu ,verde (no seco)
isaa achiki,no poder
isaa achiki,El sujeto de isaa corresponde al complemento del verbo ‘poder’ y el complemento de achiki corresponde al sujeto de ‘poder’
isashii,tierra virgen  desierto
"isira, ishira",maraca
"isira, ishira",eisira
isha,sangre
isha,asha
ishaa ,sufrir una quemadura  quemarse
ishi,hueco  pozo
ishi,eishin  eishia
ishii,ser amargo  -ga
ishira,isira
ishoo,ser rojo  -ja
itaa ,secarse
ittaa,estar podrido  -da
ittaa,— v_i
ittaa,pudrirse  descomponerse  deshacerse
ittaa,quemarse  sufrir una quemadura
iwaa,ser prostituta
iwana,iguana
iyaa,estar crudo  -da
jaarü,pocillo  jarra  jarro
jaarü,-in
"ja’apü, ka’apü ",mediano  -na
ja’ijawaa,cho'ujawaa
"ja’itaichi, -rü, -na ",aunque  no importa que
"ja’itaichi, -rü, -na ",Son las formas masculina  no masculina  y plural
"ja’itaichi, -rü, -na ",La conjunción concuerda con el complemento del verbo transitivo o con el sujeto si el verbo no es transitivo
ja’iwaa,estar caliente
ja’nyuulerü,ja'yumulerü
ja’nyuwaa,ja'yumuu
ja’rai ,pron
ja’rai ,cinco
ja’yaa ,aparecer
ja’yaa ,— v_e
ja’yaa ,ser visible  ser audible
ja’yulu,je'yulu
"ja'yumulerü, ja’nyuulerü",mosca
"ja’yumuu, ja’nyuwaa",estar bien cocido  -da; estar maduro  -ra
jalaa,dónde estar
"jalaichi, -rü; -na ",ven acá (masculino  no masculino); vengan acá
jalia ,¡cuidado!
jamaa,por qué ser  cómo ser
jamaamaa,ser liviano  -na
jama’a,hamaca
jama’a,-in
jamü,hambre  escasez de alimento
jamüche'e,tuna
japülii,tener vergüenza
japülii,ser tímido  -da
"jarai, jaralü, jaralii ",quién  cuál
"jarai, jaralü, jaralii ",— adj
"jarai, jaralü, jaralii ",cuál
"jarai, jaralü, jaralii ",Son las fonnas masculina  no masculina  y plural
jasai,arena
jashichii,estar enojado  -da; estar
"bravo, -va.",aashichijaa
jashü’üwaa,ser agrio  -a
jatü,flecha
jatü,ajatü
jawa’awaa,estar flojo  -ja
jawa’awaa,ser suave
jawataa,ser pesado  -da
jayaa,ser barato  -ta
jayapa ,pulga
"jayeechi, jayiichi",canción
"jayeechi, jayiichi",ee'irain
je ,y
je ,o
jeerü,hierro (de marcar)
jeerü,marca (en el ganado)
jeerü,ejeetse
"jekechi, -tü ",nuevo  -va
je’iyee,ji'iyee
je’wee,estar maduro  -ra
"je’yulu, ja’yulu",alacrán
"jemeiwaa, jemelii ",nacer
jemetaa,ser sabroso  -sa
jemetaa eejuu ,ser oloroso  -sa
"jemeyuluu, jemeyulaa ",v_t
"jemeyuluu, jemeyulaa ",dar a luz  parir
"jemeyuluu, jemeyulaa ",— v_i
"jemeyuluu, jemeyulaa ",nacer
jemiai,frío
jepirachi,brisa distintiva del norte
jera,cuánto ser
jerottaa,ser brillante; ser claro  -ra
jerulaa,ser ancho  -cha
jeyuu,hormiga
jia ,ustedes; los  las
jia ,shia
jierü,mujer
jierü,hembra
jieyuu.,eerüin
jiiku,cuerda  soga
jiiku,-in
jiipü,hueso
jiipü,restos mortales
jiipü,eipüse
jiirü,hilo
jiirü,-in
jiitpai,hilaza
jiitpai,-se
"ji’iyee, je’iyee",negar
"ji’iyee, je’iyee",— v_e
"ji’iyee, je’iyee",ser tacaño  -ña
ji’rupu,mosquito
ji’rupu,mei
jima,jime
jima’ai ,joven (varón)
jima’ai ,jima'alii
jimataa,estar quieto  -ta; estar tranquilo  -la
jimataa,— v_i
jimataa,calmarse
"jime, jima",pez  pescado
"jime, jima",-in
jimo’olu,no m
jimo’olu,muchacha
jimo’olu,jimo'onnuu
jintulu ,no m
jintulu ,niña
jintüi ,niño  muchacho
jirijirü,pirijirü
jokoma,gusano
jo’uu,nene  -na; bebé
jo’uuchon ,pequeño  -ña; corto  -ta
jolotoo,tener ampolla
jolotsü,estrella
jooki,linterna
jooki,-in
joo’uya ,vámonos
joolu’u ,ahora  pronto
josoo,estar seco  -ca
josoo,oosojowaa
jotaa ,arder
jotaa ,quemarse
jotaa ,— v_e
jotaa ,estar prendido
jotaa ,estar quemado  -da
jouja ,cuándo
jouktai,viento  brisa
jouktai,aire
joulaa,ser mucho  -cha; ser bastante
joyotoo,estar sentado  -da
ju'i,grillo
ju'letaa,estar acostado  -da
ju'letaa,— v_i
ju'letaa,tropezar y caerse
juleena,freno (de caballo)
juleena,-se
julirü,mariposa
juluu,estar seco  -ca; estar marchito  -ta
junaaya,honda
junaaya,-se
"juriicha, juriichi",comida frita
"juriicha, juriichi",-in
jutataa,estar abierto  -ta
jutkataa,estar reunido  -da
jutkataa,— n
jutkataa,reunión
jutkataa,outkajawaa
juya,lluvia
juya,año
juya,ouyase
jülüjaa aa'in,pensar
jülüjaa aa'in,El sujeto del verbo jülüjaa corresponde al complemento del verbo ‘pensar’ y el poseedor de aa'in  ‘corazón’ corresponde al sujeto de ‘pensar’
jülüjaa aa'in,Por ejemplo  jülüjashü jia taa'in equivale a ‘pienso en ustedes’
jüüjüwaa,ser obediente; ser sumiso  -sa
kaainjalaa ,causar daño  pecar
kaainjalaa ,aainjala
kaa’inwaa,ser arisco  -ca; ser brioso  -sa
kaa’inwaa,ser temeroso  -sa
kaa’inwaa,ser juicioso  -sa; ser prudente
kaa’inwaa,aa'in
kaa’ula,cabra  chivo
kaa’ula,-in
"kaa’ürüi, kaa’ürüla",perla
"kaa’ürüi, kaa’ürüla",-se
kaarai,alcaraván (dara)
kaasü,petróleo (para lámpara)
kaasü,-in
kaasha,tambor
kaasha,-in
"kaashapü, kaashapa",langosta (insecto)
kaatei ,¡oiga!
kaatset,cárcel
kachetaa,estar colgado  -da
kachonwaa ,v_i
kachonwaa ,tener hijo
kachonwaa ,dar fruto
kachonwaa ,achon
kachueera,hierro  alambre
kachueera,akachueetse
kajaa,ser lento  -ta de habilidad
"kakaliaa, kaka’iyaa",llevar mucho tiempo  durar mucho tiempo
"kakaliaa, kaka’iyaa",ka'i
kakuaa,ser veloz (andando)
kakuaa,akua
kakuuna,prenda (joya)  collar
kakuuna,-se  -in
ka’apü,ja'apü
ka’i,sol
ka’i,día
ka’i,tiempo
ka’i,akalia
ka'lapücho'u ,ku'lupucho'u
ka’lee,ser grueso  -sa (de objetos planos)
"ka’ruwarai, -ralü ",n
"ka’ruwarai, -ralü ",no m
"ka’ruwarai, -ralü ",ladrón  -drona
"ka’ruwarai, -ralü ",ka'ruwaralii
"ka’ruwarai, -ralü ",a'luwajaa
ka’wayuusee,tener esposo  -sa
ka’wayuusee,a'wayuuse
ka’yataa,estar un poco retirado  -da
kalapaasü,patilla (especie de fruta)
kalapaasü,-in
kalapüi,horcón principal de una casa
kalapüi,-se
kaleena,cadena
kaleena,-se
kalekale,perico (cara sucia)
kale’u ,a mediodía
kale’u ,ka'i
kaliina,gallina
kaliina,-se
kalu’uwaa,contener
kalu’uwaa,alu'u
kamanewaa,ser amable; ser bondadoso  -sa; ser compasivo  -va
kamanewaa,amanee
kane'ewa,mamón (fruta)
kanüliaa,ser llamado  -da
kanüliaa,tener fama
kanüliaa,anülia
kapülewaa,ser difícil
kapülewaa,mapülewaa
kapüü,estar atado  -da
kapüü,apü
karaloukta,papel
karaloukta,libro
karaloukta,akaralouktse
karateera,carretera
karatiiya,carretilla
karatiiya,-se  -in
kasa ,pron qué
kasa ,— n
kasa ,cosa
kasaa (1),tener filo
kasaa (1),asa
kasaa (2),ser capaz de meter más
kasachiki,noticia
kasachiki,desgracia
kasachiki,guerra
kasewaa,ser ruidoso  -sa; ser bullicioso  -sa
kasipa,ciempiés
kaspolüin,arco iris
kasuwaa,ser blanco  -ca; ser canoso  -sa
kashi,luna
kashi,mes
kashüülaa,ser feo  fea; ser grosero  -ra; ser horrible
kataa o’u,estar vivo  -va; vivir
kataa o’u,— n
kataa o’u,vida
katchinwaa,katsüinwaa
katipirüin,ave atrapamoscas sangre de toro
katkousü,arma de fuego
katkousü,a'apüla
"katsüinwaa, katsinwaa, katchinwaa",ser fuerte
"katsüinwaa, katsinwaa, katchinwaa",atsüin
katto’ui,mochila  pos
katto’ui,-se V
katto’ui,piyulu
katünaa,tener alas
katünaa,— v
katünaa,i
katünaa,nadar
katünaa,V atüna
katünasü,avión
"kaüsüü, kaüsii",ser gordo  -da
"kawachiraa, kawatiraa",ser veloz (corriendo)
"kawachiraa, kawatiraa",awachira
keejuwaa,heder
keejuwaa,eejuu
keemaa,ser temible; ser katto'ui aterrador  -dora
keemaa,V eema
keenaa ,derramarse
keenaa ,gotear
keesü,queso
kekiiwaa,ser inteligente; ser sabio  -bia
kekiiwaa,ekii
kemion,camión  carro  automóvil
kemion,-se
kepein,café
kepein,-se
kepeshuuna,pitshuushi
kepiaa ,vivir (residir)
kepiaa ,epia
kerawaa,estar terminado  -da; estar acabado  -da; estar listo  -ta
kerawaa,ekeraajaa
kettawaa,estar terminado  -da; estar concluido  -da; estar listo  -ta
kisaawaa,estar guisado  -da
kochiina,cochino  -na
kochiina,-se
kojee,n café
kojee,-se
kojoo,ser espeso  -sa; ser denso  -sa
kojutaa,ser caro  -ra
kojutaa,ajutu
kojutaa atüma,ser respetado  -da por; ser honrado  -da por
kojuyaa,ser varios  -rias; haber bastante
ko'oi,avispa
ko’oyowaa,ser redondo  -da
ko’oyowaa,estar envuelto  -ta; estar enrollado  -da
ko’utaa,estar callado  -da
koleejia,colegio
koleejia,-se  -in
"koojaa, koojoo ",pincharse
kookooche'erü,ratón  rata
kootole'era,gallo
kootole'era,okootole'etse
korolo,cosa (pertenencia de alguien)  pieza
korolo,akorolo
kosinapia,cocina
kosinapia,-se
kotoorojüin ,verde (color de objeto)
kotoorojüin ,wüittüsü
koucha,caucho
koucha,honda de caucho
koucha,-in
"kousüla, kousülo'u",bala
"kousüla, kousülo'u",okousülain  okousülo'use
"ku'lupucho'u, ku'lupüchü'i, ka'lapücho'u",ave cucarachero currucuchú
kulaala,corral
kulaala,akulaatse
kuli’ichi,vara
kuli’ichi,-in
kulira,anzuelo
kulira,-in
kuluulu,tela
kuluulu,ropa
kuluulu,akuluutse
kusu,red de pescar
kusu,-in
laa,jagüey
laa,-se
laapi,lápiz  pos
laapi,-in
lakayawaa,ser redondo  -da
la'walawaa,ser flexible
lamuuna,lago
lamuuna,-in
lania,amuleto  contra
lania,-in
lapü,sueño
lapü,a'lapüin
laüktaa,ser grueso  -sa (de objetos cilíndricos)
laülaa ,viejo  -ja; anciano  -na
laülaa ,— n
laülaa ,viejo  -ja; anciano  -na
laülaa ,jefe  -fa
laülaa ,dueño  -ña
laülaa ,laülaayuu
laülaa ,alaülashi  -sü
leechi,leche
leechi,-in
leeyataa ,dar vueltas
"lemtaa, lemütaa ",arrastrarse  gatear
lotaa,ser recto  -ta
lotaa,ser ordenado  -da
lotaa,ser correcto  -ta
luma,enramada (estructura abierta por todos lados con techo que protege del sol)  pos
luma,-se
luta,piedra de afilar
luta,-in
luusa,luz
luusa,-in
luwopu,arroyo
maa(1),decir
maa(2),ser así
maa aka ,como
maa aka ,— conj
maa aka ,como
maa aka ,— v_e
maa aka ,ser como
maa aka aa'in ,ser como  parecerse a
maa aka aa'in ,El sujeto del verbo maa corresponde al sujeto del verbo ‘parecerse’ y el poseedor de aa'in  ‘corazón’  corresponde al complemento de ‘parecerse’
maa aka aa'in ,Por ejemplo  miishi aka nia saa’in püliiki equivale a ‘él se parece a un burro’
maachon,mamá  abuela
maa'ala,culebra cascabel
maa'awaa,v
maa'awaa,e
maa'awaa,estar desorientado  -da — v_e
maa'awaa,v_i
maa'awaa,extraviarse  confundirse
maa’inwaa,ser necio  -cia
maa’inwaa,ser prostituta
maa’inwaa,aa'in
maa’ulu yaa ,hoy en día  en este tiempo
maalü ,ya
maalü ,pronto
"maasü, maasi",flauta
"maasü, maasi",-in
maawüi,algodón
maawüi,-se
mache’ewaa,ser sordo  -da
mache’ewaa,ser terco  -ca
mache’ewaa,ache'e
"maikki, maikkü",maíz
"maikki, maikkü",amaise  amaikküin
mainma,wainma
maittaa,estar en calma el tiempo
majayülü,señorita  joven (mujer)
majayülü,majayünnüü
majayülü,amajayütse
makataa ,quedarse
ma’i ,muy  mucho
ma'uwa,mo'uwa
malaa,ser tonto  -ta; ser bobo  -ba
Maleiwa,Dios
Maleiwa,-se
mamainnaa,ser loco  -ca
mamainnaa,estar enfermo  -ma de rabia
mannuuya,neblina
manteeka,aceite comestible
manteeka,-se
mapa(1) ,después
mapa(2 ),miel de abeja
mapa(2 ),-in
mapase,cera de abeja
mapüi,piojo
mapülewaa,ser fácil
mapülewaa,kapülewaa
mapüsaa,estar cansado  -da
maraaja,vidrio
maraaja,botella
maraaja,-in
maralüü,ser estéril
mariiyaa,ser amarillo  -lla
mashale'e,ave caricare
matsüinwaa,estar sin fuerza
matsüinwaa,atsüin
matsüinwaa aa’in,ser débil
maüna,cobro por daño a una persona
maüna,-in
mayeinwaa,estar grave (de enfermedad)
mayeinwaa,ayuulii
mee’era,broma
mee’era,-in
mei,zancudo
"meinshi, weinshi ",siempre
mekeerüü,buscar ganado  rodear ganado
mekietsalü ,pron
mekietsalü ,nueve
mekiisalü ,pron
mekiisalü ,ocho
meruuna,melón
meruuna,-in
metkaalü,mercado
"miichi, piichi, pinchi",casa  edificio
"miichi, piichi, pinchi",epia
"miicho’u, piicho’u",puerta (la entrada)
"miicho’u, piicho’u",puatto'u
"miiroku, miiruku",sitio donde hay agua
mi’iraa,fiesta
"miyaasüü, munyaasüü, wunyaasüü",tener sed
"miyo’u, müle’u, mülo’u ",grande
"miyo’u, müle’u, mülo’u ",largo  -ga
"miyo’u, müle’u, mülo’u ",mayor  mma n
"miyo’u, müle’u, mülo’u ",tierra  polvo  suelo
"miyo’u, müle’u, mülo’u ",lugar
"miyo’u, müle’u, mülo’u ",terreno
"miyo’u, müle’u, mülo’u ",país
"miyo’u, müle’u, mülo’u ",oumain
mmolu’u ,en el suelo  abajo
"mmoluu, momoluu",tener miedo
mmoluu eema,temer
mojulawaa,ser malo  -la (de comportamiento); ser travieso  -sa
mojulawaa,— v_i
mojulawaa,portarse mal
"mojuu, mujuu",ser o estar malo  -la
"mojuu, mujuu",estar dañado  -da
"mojuu, mujuu",estar desgastado  -da
"mojuu, mujuu",ser dañino  -na
"mojuu, mujuu",ser pobre  mojuu aa'in
mujuu aa'in,estar triste
mojuui,monte (vegetación)
mo’uu,ser ciego  -ga
mo’uu,o'u (1)
"mo’uwa, ma’uwa",paloma (silvestre)
"mo’uwa, ma’uwa",toomasü
moliina,molino (de moler)
moliina,molino (de viento)
moliina,-in  -se
molokoono,tortuga de tierra
momoluu,mmoluu
monku,mango (fruta)
monkulonseerü,búho
motoo aa’in,olvidar  olvidarse
motoo aa’in,El sujeto del verbo motoo corresponde al complemento del verbo ‘olvidar’ y el poseedor de aa'in  ‘corazón’  corresponde al sujeto de ‘olvidar’
motoo aa’in,Por ejemplo  motiisü waa'in tü pankat equivale a ‘olvidamos el pan’
motso'o ,por poco tiempo  brevemente
motso'o ,inmediatamente
motsoo,ser pequeño  -ña
motsoo,ser poco  -ca
moulii,ser angosto  -ta; ser estrecho  -cha
mujuu,mojuu
mujuu aa’in,mojuu aa'in
munyaasüü,miyaasüü
muula,mulo  -la
muula,-in
muusa,gato  -ta
muusa,-in
müleka,si  en caso de que
müle’u,miyo'u
müliaa ,sufrir
müliaa ,— v_e
müliaa ,ser pobre
müliashii,difunto  -ta
mülo’u,miyo'u
mürülü,animal doméstico
mürülü,mascota
mürülü,amü'ünüin
mütsiiya ,negro  -gra
mütsiiyaa,ser negro  -gra
na ,tómelo
na ,estos
naa ,pron éstos
naa ,— adj
naa ,estos  gram
naa ,Esta forma del adjetivo se usa después del nombre
naataa,ser ajeno  -na; ser extraño  -ña
naataa,ser diferente
nala ,esos
"namüna, naumna",loma  cerro
nasa ,aquellos
naya ,pron ellos  ellas; los  las
"neerü, nneerü",dinero
"neerü, nneerü",anneetse
ne’e ,justamente  solamente
nia ,pron él  lo
nneerü,neerü
nnojo ,no
"nnojolaa, nnojoloo",no haber  no estar  no ser
oi ,vello
oi ,lana
oi ,escama (de un pez)
"oikkaa, aikkaa",vender
ojoitaa,enterrar
ojotaa,botar (un grupo o montón de cosas)
ojottaa,morder
ojottaa,picar (de insectos)
"ojuichajaa, ojuichijaa, ajuichajaa ",romperse
"ojuichajaa, ojuichijaa, ajuichajaa ",— v_t
"ojuichajaa, ojuichijaa, ajuichajaa ",borrar
"ojuichajaa, ojuichijaa, ajuichajaa ",destruir
ojuittaa,ajuittaa
ojuittiraa,ajuittiraa
ojujawaa,ajujawaa
ojulejaa,ajulijaa
"ojuntaa, ajuntaa ",virar  desviarse
"ojununtawaa, ajununtawaa ",volverse (darse la vuelta)
ojurulajaa,ajurulajaa
ojutaa,ajutaa
ojutalaa,ajutalaa
"ojuttaa, ajuttaa ",caer  derrumbarse
"ojuttiraa, ajuttiraa",derribar  destruir
ojutu,ajutu
ojutuwaa,ajutuwaa
"ojuuna, ajuuna ",a escondidas de  sin que se dé cuenta
ojuyaajaa,ajuyaajaa
ojuyaala,ajuyaala
oko’oloo,envolver
oko’oloo,enrollar
okolojoo,llevar regalo
okolojowaa ,mudarse
okotchojoo,akotchajaa
okotchojowaa,akotchajawaa
o’ktaa,o'utaa
o’lojoo,lavar
o’onowaa ,mudarse (temporalmente con el rebaño)
o’oojoo ,bañarse
o’otojowaa,sacudir
o’otoo ,llegar
o’otoo ,suceder
o’otoo ,— v_t
o’otoo ,montar
o’otoo ,cargar
o’otoo ,imponer
o’otowaa ,montar
o’otowaa ,subir
o’tchejaa,fallar (no dar en el blanco)
o’tchejawaa amaa,equivocarse con  equivocarse de
o’tta ,y
o’ttaa(1) ,v_t
o’ttaa(1) ,comenzar  empezar
o’ttaa(2) ,aterrizar
o’ttaa(2) ,posarse
o’ttaa(3),o'utaa
o’ttawaa ,pasar
o’ttawaa ,salvarse
o’tte’eraa,hacer pasar
o’tte’eraa,salvar
o’u(1) ,ojo
o’u(1) ,puerta
o’u(1) ,abertura  agujero
o’u(1) ,faro
o’u(1) ,grano
o’u(1) ,color
o’u(2) ,en (el fuego  la luz  la oscuridad)
o’u(2) ,en (una fecha)
o’u(2) ,— n_pos
o’u(2) ,vez
o’ula ,lecho  hamaca
o’ula ,telaraña
o’ula ,placenta
o’ulejaa,maldecir
o’ulijaa,cargar (a un niño)
"o’uluku, o’utku ",miembro  parte
o’unaa ,ir  salir
o’unaa ,— n
o’unaa ,viaje
o'uniraa,llevar
o’unnaa,o'utpünaa
o’upala ,delante de (a la vista de)
o’upünaa ,cara  rostro
o’use ,gafas
o’uta ,pestaña
"o’utaa, o’ktaa, o’ttaa (3)",ser profundo  -da
o’utaa aa’in,matar
o’utala ,cáscara
o’utku,o'uluku
"o’utpünaa, o’unnaa ",durante  en medio de
"o’utpünaa, o’unnaa ",— conj
"o’utpünaa, o’unnaa ",mientras
o’uwa ,cuerno
o’uwajaa,a'luwajaa
o'uwatawaa,a'luwatawaa
o’uyaajana ,acompañante
o’uyaajana ,amaajachi
o'uyaakua,ayaakua
o’yotoo,verter (un líquido)
o’yotoo,echar (un líquido)
o’yotowaa,cortar (con cuchillo  tijeras)
olojoo ,v_t
olojoo ,cazar
olu ,borde
olu ,orilla
omocho ,ombligo
omokoin ,espuma
oojoo,raspar
ookotuushi,mazamorra
ookotuushi,ookotüin
oo’omüin ,pron
oo’omüin ,más
oo’omüin ,— posp
oo’omüin ,contra
oo'opünaa ,por
oo'opünaa ,por encima de
oo'opünaa ,en cuanto a
oo’ui ,pie
oo’ui ,pata
oo’ui ,huella  rastro
oo’ui ,llanta
oo'ulaka ,y
oo’ulakaa,intentar  probar
oo’ulakaa,practicar  realizar
oo’ulakaa,adivinar (por medios sobrenaturales)
oo’ulawaa,dejar
oo’ulawaa,abandonar
oo’ulawaa,permitir
oo’ulia ,mata
oo’uliwo’u ,descendiente
oonojoo ,toser
oonowaa amaa,obedecer  hacer caso de
oonowaa amaa,estar de acuerdo  apoyar
oonowaa amaa,creer
oora,hora
ooro,oro
ooro,o'ooroin
ooroloo,estar hinchado (el abdomen)
ooroloo,ourulaa
oosojowaa ,secarse
oosojowaa ,josoo
ootojoo,perforar
ootoo ,ladrar
ootoo ,— v_t
ootoo ,estimular  animar
ootoo ,autorizar
"oponoo, aponoo",cavar
opoolojoo,hervir
opootaa ,atascarse (en el barro o en la arena)
"oso'iraa aa'in, aso'iraa aa'in",recordar  hacer recordar
"oso'iraa aa'in, aso'iraa aa'in",resucitar
"oso'iraa aa'in, aso'iraa aa'in",sotoo aa'in
"oso'irawaa aa'in, aso'irawaa aa'in ",recobrar el conocimiento  volver en sí
"oso'irawaa aa'in, aso'irawaa aa'in ",resucitar
ososo ,pulmón
osotaa,asotaa
osottaa,asottaa
oshojoo,desollar  pelar  desvainar
osho'o ,nudo
oshottoo,ashottaa
otse ,olla
otse ,lo cocinado por
otse ,wushu
oukaa achiki,impedir
oukajaa,esperar (una llegada)
ouktaa ,morir
ouktaa ,— v_e
ouktaa ,estar muerto  -ta
ouktaa ,— n
ouktaa ,muerte
ouktapünawaa ,perder el conocimiento  desmayarse
ouktasiro'ulu ,mortal (que causa la muerte)
oulia ,de  más que  en vez de  contra
oulia ,— conj
oulia ,para que no
ounekaa,eenakaa
"ounjulaa, anujulaa",esconder
"ounjulawaa, anujulawaa ",esconderse
ountaa,poder
oupünaa ,debajo de
ourala ,raíz
ourulaa,estar hinchado  -da
ourulaa,ooroloo
ousaa,deshierbar  arar  rozar (un terreno)
oushikawaa achiirua,seguir
"oushu, oushi ",abuela
oushuwaa,tener fiebre
outkajaa,reunir  juntar
outkajaa,rodear (ganado)
outkajawaa ,reunirse
outkajawaa ,jutkataa
"outshi, -sü ",n
"outshi, -sü ",no m
"outshi, -sü ",piache; curandero  -ra
"outshi, -sü ",outsia
ouyantaa ,volver
ouyantaa ,— v_t
ouyantaa ,hacer volver
ouyase ,edad (años)
ouyase ,juya
"owoutisaajaa, awoutisaajaa",bautizar
oyokojowaa ,apagarse
oyokojowaa ,— v_t
oyokojowaa ,apagar
oyokojowaa ,yokutaa
"oyonnajaa, oyonnojoo ",bailar
"oyonnajaa, oyonnojoo ",yonna
paa'a,vaca  ganado (vacuno)
paa'a,asachiralü
paa'ata,cuero
paa'ata,-in
paa'inwaa,estar de acuerdo
paala ,antes
paala ,ahora mismo
paarü,pala
paarü,-in
paasta,plástico
paasta,-in
paatia,patio
paatia,-se
palaa,mar
palaapünaa ,por el norte
"palajachi, -tü ",primero  -ra
"palajachi, -tü ",— n
"palajachi, -tü ",n
"palajachi, -tü ",no m
"palajachi, -tü ",primero  -ra
"palajachi, -tü ",palajana
palajana ,primero
palastaa,estar acostado  -da; estar tendido  -da
palawaa,ser salado  -da
pali'i,ceniza
palirawaa,estar mezclado  -da
palitchon ,pron
palitchon ,poco  -ca; poquito  -ta
palitchon ,yootchon
palousa,tijeras
palousa,-in
pan,pan
pan,-se
pansawaa,estar derecho  -cha  2
pansawaa,ser seguro  -ra (confiable)
pansawaa,ser recto  -ta
pansawaa,ser justo  -ta
pasalawaa atüma,ser vengado por
pasanain anain ,en medio de  entre
pasanuaa,ser delgado  -da (de objetos cilíndricos)
paülü'ü ,adentro (de la casa)
peerü,perdiz
peesü'ülü ,detrás de una casa
pejee,estar cerca
pejeewa ,a cada rato
"pentaana, wentaana",ventana
peraa,ser mocho  -cha
perulaa,chisme
perulaa,eperulain
pia ,pron tú; te; usted; lo  la
piama ,pron
piama ,dos
piama shikii,veinte
piamale ,pron
piamale ,ambos  -bas; los dos
piantua ,dos veces
pienchi ,pron
pienchi ,cuatro
"piichi, pinchi",miichi
pirataa,estar lleno  -na
"pirijirü, jirijirü",periquito
pisaalü,bozal
pisaalü,episaatse
"pitshuushi, pitchuushi, kepeshuuna",fríjol
piuuna,sirviente  -ta
piuuna,esclavo  -va
piuuna,-se
"piyulu, piyula",bolsa de malla
"piyulu, piyula",-in
"piyulu, piyula",katto'ui
piyuushi,oscuridad
poloo ,pron
poloo ,diez
polu,hacha
polu,-in
ponoo aa’in,maravillar  asombrar
ponoo aa’in,fascinar
pooporo,fósforo
pooporo,-in
pootshi,barro
pootshi,-in
"potshonoi, wotshonoi",libélula
"puatto’u, puetto’u",puerta
"puatto’u, puetto’u",miicho'u
pueulo,pueblo (aldea)  ciudad
pülaa,ser poderoso  -sa
pülaa,ser dañino  -na
pülaa,ser sagrado  -da
pülaa aa’in,ser arrogante
pülaasa,plaza
pülaata,plato
pülaata,plata (el metal)
pülaata,apülaatse
püla’ana,plátano
püla’ana,-se  -in
"püliiki, püliikü",burro  -rra
"püliiki, püliikü",apüliise
pünajüt,lo sembrado  cultivo
pünajüt,apünajüin
pünajüt,a'ttia
püreesaa,estar preso  -sa
püreesaapüle,cárcel
püsiaa,ser dulce
püsichi,murciélago
"pütche’ejachi, -tü ",n
"pütche’ejachi, -tü ",no m
"pütche’ejachi, -tü ",palabrero  -ra (intermediario  -ria)
"pütche’ejachi, -tü ",pütche'ejana
pütchi,palabra
pütchi,discurso
pütchi,lengua (idioma)
pütchi,voz
pütchipü’ü,palabrero  -ra
pütchipü’ü,intermediario  -ria
pütchipü’ü,abogado  -da
püülükü,cerdo; marrano  -na
püülükü,-in
raawia,radio
raawia,-se  -in
rampara,lámpara  pos
rampara,-in
riwoolü,revólver
riwoolü,ariwootse
roo,arroz
roo,-se
rouya,espejo
rouya,ventana de vidrio  puerta de vidrio
rouya,-in
ruluma,comején (termes)
rüi,cuchillo  pos
rüi,arülia
rülipi,sábila  áloe
saamataa,estar frío  fría; estar fresco  -ca
sa’aya ,allá
sa’wai ,de noche
"sa’wainrü, sa’waina",tortuga de mar
samulu,buitre  zamuro
samulu,waluuseechi
sapaata,zapato
sapaata,asapaatse  asapaase
sarulu,boa
seepü,grasa  sebo
seepü,-in
"seita, seite",aceite
"seita, seite",-in
sekurulu,sikirulu
semaana,semana
senkeyuu,mellizo  -za; gemelo  -la
"seruma, sirumaachi",ave chirito
"siimaraalü, süinmaraalü",marca cortada en la oreja del ganado menor
"siimaraalü, süinmaraalü",asiimaraatse
siiya,silla de montar  silla
siiya,-in
siki,fuego
siki,leña
siki,asema
"sikirulu, sekurulu",ave carpintero habado
si’ira,cinturón (del varón)
si’ira,-in
si’warai,caldero
si’warai,-se
si’ya,gonzalito  toche
sinataa,sirataa
sipuulu,espuela
sipuulu,asipuutse
sirapü,cinturón (de la mujer)
sirapü,-se
sirasiraa,ser liso  -sa
sirasiraa,ser resbaloso  -sa
"sirataa, sinataa",ser liso  -sa
"sirataa, sinataa",ser parejo  -ja
"sirataa, sinataa",ser plano  -na; ser llano  -na
siruma,nube  cielo
sirumaachi,seruma
"sittiija, sittiiya",süttiija
so’uka’i ,hoy
so’uka’i ,de día
so’ukalinka ,ayer
sotoo aa’in,recordar  acordarse de
sotoo aa’in,El sujeto del verbo sotoo corresponde al complemento del verbo ‘recordar’ y el poseedor de aa'in  ‘corazón’  corresponde al sujeto de ‘recordar’
sotoo aa’in,Por ejemplo  sotiisü waa’in tii nümakat equivale a ‘recordamos lo que él dijo’
sotoo aa’in,oso'iraa aa'in
sotsoluu,tener dormido un miembro del cuerpo
sotsoluu,dar calambre
surulaalü,soldado
surulaalü,asurulaatse
susu,mochila fina
susu,asusia
sutta,huso
sutta,-in
suukala,azúcar
suukala,-in
süchi,río
süi,chinchorro  hamaca
süi,o'ula
süinmaraalü,siimaraalü
sütaa ,dar comezón
süttaa,estar cerrado  -da
süttaa,asürülaa
"süttiija, süttiiya, sittiija, sittiiya",anillo  sortija
"süttiija, süttiiya, sittiija, sittiiya",-se
shaakuma,cabestro
shaakuma,-in
sha’wataa,estar parado  -da; estar de pie
sha’wataa,asha'walawaa
shale,último hijo  última hija
"shia, jia ",pron ella  la  lo
shiale ,o ella
shiale ,Es la forma de tercera persona singular no masculino
shiale ,La palabra se compone uniendo cualquiera de los pronombres personales con -le según el contexto
shiatapünaa ,medio  -dia
shiatapünaa ,— n
shiatapünaa ,mitad
"shiimüin, shiimain ",verdadero  -ra
"shiimüin, shiimain ",— n
"shiimüin, shiimain ",verdad
shitaa,estar hinchado  -da
shokotaa,ser curvo  -va
shokotaa,estar torcido  -da
"shokulaa, shukulaa",ser perezoso  -sa
shottaa ,gotear
shunui,gripe  catarro
shunulii,tener gripe  tener catarro
taapüla,tabla
taapüla,-se
taashii,estar libre; estar suelto  -ta; estar disponible
taata,papá  abuelo
taataai,rana
talataa,estar alegre; estar contento  -ta; estar feliz
talataa,estar complacido  -da
taya ,pron yo  me
"teitei, teuteu",alcaraván
tepichi,muchacho  -cha; niño  -ña
toleeka,saco  costal  pos
toleeka,-in
toolo ,macho
toolo ,— n
toolo ,hombre  varón
toolo ,tooloyuu
toolo aa'in ,ser valiente  ser macho
toolo aa'in ,Normalmente al formar este predicado nominal  el adjetivo toolo queda invariable y en vez de añadirle el prefijo personal al nombre aa'in  se le añade un sufijo de género-número que concuerda con el sujeto  que suele ser masculino singular
toolo aa'in ,Por ejemplo  toolo aa'inchi nia equivale a ‘él es valiente’
toolü,ave aguaitacamino  ave chotacabras
toomasü,paloma (doméstica)
toomasü,mo’uwa
tottoolu,médico  -ca
tu'uma,piedra preciosa
tu'uma,-in
tuttaa,tener fiebre
tuttaa,tener calor
tü ,esta
tüitüi,halcón
tüntaa aa'in ,pulsar (corazón)
tüntaa aa'in ,palpitar (corazón)  gram
tüntaa aa'in ,El sujeto del verbo tüntaa es el mismo aa'in  ‘corazón’  así como ‘corazón’ sería el sujeto de los verbos ‘pulsar’ y ‘palpitar'
tüntaa aa'in ,Por ejemplo  tüntüsü taa'in (literamente  ‘pulsa mi-corazón') equivale a ‘me pulsa el corazón’
türa ,esa
türa ,— pron
türa ,ésa  eso
türiiya,junco
türiiya,silla de junco (para montar o cargar)
türiiya,-se
tüsa ,aquella
tüsa ,— pron
tüsa ,aquélla  aquello
tütaa,ser trabajador  -dora; ser diligente
tüü ,pron ésta  esto
tüü ,— adj
tüü ,esta
tüü ,Esta forma del adjetivo se usa después del nombre
"ulee, wulee",estar limpio  -pia
"ulee, wulee",ser puro  -ra
uliyuuna ,wuliyuuna
ului,ave turpial común
una’ainküin ,wuna'ainküin
una’apü ,wuna'apü
unapümüin ,hacia abajo
"uraichi, wuraichi",especie de árbol que florece de amarillo en la primavera  cuya madera se usa para fabricar arcos
"uraichi, wuraichi",arco
"uraichi, wuraichi",o'uraichin
utia ,wutia
uuchi,serranía  montaña  cerro
uuchipünaa ,por el sur
uujolu,chicha de maíz sin alcohol
uujolu,o'uujain
uwatua ,una vez
"uwomuyuwaa, uwonyuwaa",herir  perjudicar
"uwomuyuwaa, uwonyuwaa",asesinar
uwon,sombrero
uwon,akuoma
üttaa aa’in,sentir rabia
waana,millo  mijo
waana,-in
waapünaa ,por el occidente
waataa ekii ,dolerle la cabeza
waawataa ,soplar (el viento)
waawataa ,moverse por el viento
"wainma, mainma ",mucho  -cha
wainpirai,ave paraulata llanera  sinsonte
wairiina,guaireña (calzado)  cotiza (calzado)
wairiina,-se
wa'lee,amigo (para llamar o saludar un hombre a otro)
walaashi,pago
walaashi,walawaa
wala'ayuu,pelusa de la tuna
walashi,pelo
walashi,a'wala
walatshi,calor atmosférico
walawaa,estar pagado  -da
walawaa,awalaajaa
walekerü,araña
walirü,zorro  -rra
waluuseechi,buitre  cataneja  oripopo
waluuseechi,samulu
wanaa amaa ,rel cuando
wanaa amaa ,El prefijo personal que corresponde al referente se le añade a la palabra amaa
wanaawaa,ser lo mismo  ser igual
wane ,un  una
waneepia ,siempre (continuamente)  continuamente
waneepiaa,ser entero  -ra; ser completo  -ta
waneepiaa,— v_i
waneepiaa,perseverar
"waneeshia, -sia ",un  una
"waneeshia, -sia ",— pron
"waneeshia, -sia ",uno  una
wane'e ,wane'eya
wane'ere'eya ,no hasta que
"wane'ewai akua, wane'ewaire akua ",cada uno  una
"wane'ewai akua, wane'ewaire akua ",El prefijo personal que corresponde al referente se le añade a akua
"wane'eya, wane'e ",pron
"wane'eya, wane'e ",otro  otra
wanülüü,demonio  espíritu maligno
wanülüü,enfermedad
wanülüü,-se
waraittaa ,andar  caminar
waratshii,luz
waratshii,awarala
warulapai,gavilán
warutta,caracol
warutta,-in
washirü ,rico  -ca
washirü ,— n
washirü ,rico  -ca
washirü ,washinnuu
wattaa,estar lejos
wattaa aalin,ser mucho  -cha
wattaa aalin,El prefijo personal que corresponde al sujeto se le añade a aalin
watta'a ,mañana
watta'a maalü ,por la mañana
watta'apa ,esta mañana (ya pasada)
wattapia ,pasado mañana
wawaachi,tortolita
wawai,viento (de tempestad)
waya ,pron nosotros  -tras; nos
wayeeta,olla
wayeeta,awayeetse  awayeetain
wayunkeera,muñeca (figura de persona)
wayunkeera,-se  -in
wayuu,persona
wayuu,gente  pueblo
wayuu,indígena wayuu
wayuu,a'wayuuse
wayuunaiki,idioma de los wayuu
weinshi,meinshi
wentaana,pentaana
wiinnaa ,por el oriente
wo’olu,mochila para el cinturón del hombre
wo’olu,awo'olüin
woola,balón
woola,-in
woowira,bóveda
woowira,-se
wopu,camino  sendero
wopu,apüna
wotoo,estar lleno  -na (de sólidos)
wotshonoi,potshonoi
wuchii,pájaro
wuchii,insecto
wuchii,-se
wulee,ulee
"wuliyuuna, uliyuuna",lombriz
"wuliyuuna, uliyuuna",-se
"wuna’ainküin, unaainküin ",por el bosque  por el monte
"wuna’apü, una’apü",selva  bosque  monte
wunu’u,árbol  mata
wunu’u,palo  madera
wunu’u,medicina
wunu’u,anu'use
wunyaasüü,miyaasüü
wuraichi,uraichi
wushu,olla de barro cocido
wushu,otse
"wutia, utia",aguja
"wutia, utia",o'utiain
wüi,culebra
wüin,agua
wüin,ainya
wüinsiraa,ahogarse (en agua)
wüirü,auyama  calabaza
wüirü,-in
wüitshii,hierba
wüittaa,ser azul  ser verde
wüittüsü ,azul  verde (color de mata)
yaajeeru’u ,en este lado
yaaulerü ,un rato
yaawala ,al instante  inmediatamente
yaawe,llave
yaawe,-in
yaaya ,aquí
yajaaushi,mazamorra con leche
yajaaushi,-in
yala ,allí
yalayalaa,ser áspero  -ra
yalayalaa,ser valiente
yalayalaa,ser hábil; ser listo  -ta; ser inteligente
yalejeeru'u ,en el otro lado
yaletaa,ser alto  -ta
yaletaa,ser importante
yaletaa aa’in,ser altivo  -va
yapaa,estar listo  -ta; estar preparado  -da
yapaa,— v
yapaa,i alistarse  prepararse
"yarüttaa, yerüttaa",estar sucio  -cia
yokutaa,estar apagado  -da
yokutaa,oyokojowaa
yolujaa,diablo  demonio
yolujaa,espíritu
yolujaa,-se
yonna,baile
yonna,-in
yooi,llaga  infección
yooi,-se
yootchon ,pron
yootchon ,poquito  -ta (de líquidos)
yootchon ,palitchon
yootoo ,conversar  charlar
yosu,cardón (especie de cactus)
yosu,-in
yuulii,ser negro  -gra
yüi,tabaco
yüi,-se
yülaa,estar roto  -ta; estar quebrado  -da; estar partido  -da
yüüja,huerta  roza
yüüja,-se  -in
yüüja,apain
yüütüwaa,estar deshabitado  -da; ser solitario  -ria
