pbb,spa
"ã', ã'mush",estrella
aacha'j-,calentar
ãacjẽ,externo
"ãacjẽrráa ew we'wesa, ũuste yu' ewmẽe yaacysa",hipócrita
aan,a ver
aandas,andas
ãandyija',evidentemente
ãandyijimẽe,obligatoriamente
aañu,año
aañu iisa,anualmente
ãapj-,asaltar
"aate, aaga",abiertamente
"aca ũs-, caaca'j-",causar dolor
"aca yuu-, aca pa'j-, yaaca-",doler
"aca, acasa",dolor
acaach-,caer encina de
ãch,ahora
ãch,hoy
"ãch, ãchrrãa",recién
acha,ardor
acha,caliente
acha,calor
acha quiwe,tierra caliente
acha yuu-,hacer calor
"acha, acha acha",ligero
achamẽe ew,inferior
ãchjíi,ahora mismo
ãchpcach,hasta ahora
acj,catarro
acj,gripe
acj,trampa (un peso cae sobre la presa)
acj-,echar
acj pa'j-,resfriarse
acjicj-,poner (cosa larga encima de)
"a'cji'j-, waacji'cj-",pisar
acjus,ajo
a'cy-,colgar
"acy, a'cjy (T)",macana (para cavar)
a'cyni,colgado (p.p.)
a'cyni u'p-,estar colgado
afi-,aclarar (agua contaminada)
afijmb-,tapar (por encima)
afy,claro
afy,guama (fruta)
afy tash,guamo (árbol)
aj,lugar
a'j-,montar (a caballo)
ãj,completo
ãj,suficiente
aj cshi'ta'j-,ahumar
aj uweni,ahumado
"aj-, īitse'j-, mityjaj-",cocinar
"aja-, ewuu-, chjãchja-",poder
"aja-, sumba-",alcanzar (ser suficiente)
ãjmẽe,incompleto
ãjmẽe,insuficiente
ãjmẽe,menos
ãjmẽe yuu-,ser indigno
ãjmeesa,deficiente
"ãjmeesa, ãjmeecuesa",indigno
a'jsa,jinete
ãjsa,capaz
"ãjsa, ewusã, chjãchjasa",poderoso
ajtsajtse,"desprecio, con desprecio"
ajtse-,aborrecer (cobrar odio a una persona)
ajtse-,odiar
"ajtse-, atseyajcy-, weech-",despreciar
"ajtse-, dyī'wẽje-",menospreciar
"ajwend-, ya'jwend-, pechujcue-",dar látigo
alcalte,alcalde
alcu,perro
almun,almud
alpes,alverja
altesa,artesa (batea típica)
alum,lobo
am,hacha
amb,era
amb,surco
"amb-, ambu'mb-",echar (cosa molida)
a'mbande-,derrumbar
ambu'ju-,alzar (era)
amu,amo
amu,patrón
ã'mush,Vía Láctea
anayún,altasara (planta)
and-,enrollar
andtende-,desenrollar
andy jīi,mío (adj.pos)
"andy yacj, ũ'cue yacj",conmigo
"andy, ũ'cue","mí, mis (adj.pos)"
"andy, ũ'cue",yo
andyi'j-,secar
anz-,cubrir (con cobija)
"anza, fytũu pagayũ",carpintero (ave)
anzẽe- (enzẽe-),reclinar
anzẽe- (enzẽe-),recostarse
anzh-,pelar los dientes (perro)
"ãpãcuẽ, u'se casejsa",recién nacido
a'pa'pja-,aletear (v.i.)
apas,haba (planta)
ape,auyama
ape,zapallo
ape-,agonizar
apj,zancudo
apj-,cerrar
apj-,cubrir
apj-,tapar
apj le'ch,mosquito
"apj-, cha'mbu'mb-, wuw-",escarbar
apjãa,tapa
apjni,cerrado
ã'pjy-,empollar
ã'pysa,clueca
aqui'p-,poner (encima de)
arendaī-,arrendar
ã's,arracacha
ãsh-,"echar (granos, palos, piedras)"
ã'sh,rascadera
ashnu,asno
at-,cargar (en la mano)
at-,coger (en la mano)
"at-, yaat-",llevar en la mano
atall cjas ujnde-,desplumar
atall luuch,pollo
atall pijts,gallo
atall we'we-,cantar (gallo)
atall we'wetste,canto del gallo
atall yat,gallinero
"atall, atall u'y",gallina
atate tsẽy,azul celeste
atatelem,amarillento
a'te,luna
a'te,mes
a'te luuch,luna nueva
a'te tjẽ'j,luna llena
a'te weete,en tiempo de luna
"ate, tsejc",limpio
"atẽe-, tãapj atẽe-",despejar
"atj- (jatj-), jyaatj-",vestirse
atjni,vestido
"atjni, jatjni",tranca
ãtsã',enfermo
ãtsã'-,enfermarse
ãtsã'mẽe,sano
"ãtsa'na ũs-, ũuya' ũs-",estar enfermo
ãtsã'sa,enfermo
atscue-,desplomarse
atsejy,asco
atsesa,enemigo
atsewe'we-,hablar con desprecio
atsewe'weni,desprecio
a'tsja-,cernir
a'tsja-,colar
ãtsja-,deshojar
a'tsjanisa,"cernidor, cedazo"
a'tsjanisa,susunga (cernidor)
atsju-,acornear
atsju-,trabar
atsjunde-,desprender
atsjute-,desprenderse
"ãtũ, deeni ãtũ",barbacoa (casilla)
ãtu'j-,hacer barbacoa
aty tel,telar (para tejer ruana)
atyaj-,poner (encima de)
atyãj-,investigar
"atyãj-, paapẽjy-",averiguar
atyj,ruana
"atyj tul, is atyj",anaco (falda)
a'tyji'j-,estornudar
aviun cach-,aterrizar
"avy-, (rep) avytjetj-",escupir
aw-,echar (líquido)
ãwã,ají
ã'wala,lucero
aygawe'sh,nativo
aysu,acá
"ayte, ayga, aysu",aquí
ayuy,por acá
bagach yujva,jamás
"bagach yujva, uca",nunca
"bagach, ma'wẽn","cuando, ¿cuando?"
bagachteva,siempre
"bagachva, ma'wẽnva",cuandoquiera
"bajch-, achãa-",calentarse
bajts,cabuya
bajts,fique
bajts cu'nd-,desfibrar cabuya
"bajy, wajwa",tibio
bats ej,cabuyal
bats ej,sembrado de fique
bats ets,penca de cabuya
bats yaj,fibra de cabuya
baytu'c-,oxidarse
beca,chicha
beca ñusha,chicha dulce
beca pus,chicha fermentada
beca yat,chichería
beca yat,guarapería
beca'j-,hacer chicha
becuena ũs-,estar medio-colgado
beecãj-,sonrojarse
bej,"colorado, rojo"
bej,rojo
bej-,arder (v. i)
bej yuu-,enrojecerse (v.i )
bej yuu-,ponerse colorado
bejbej chijme,rosado
bela,vela
belena u'p-,estar suspendido (colgado)
"bell, trapu",trapo
bendecī-,bendecir
bich,plato
biite'j-,embijar
"bish-, shcambish-",ampollar
bite,pintado (con pintas)
blal,umbral
buc,panzón
buc-,estar panzón
bu'ch,espuma
bu'ch,planta medicinal
bu'ch-,burbujear
bu'ch-,empezar hervir
bucha-,brotar
bucha-,retoñar (plantas)
bu'mbu-,hacer ruido (motor)
bush,andamio
buta,roncha
buts,larva
buts wee le'chcue,sarampión
"butse, butse tash",yaruma (árbol)
butswee wajwa,varicela
butswee wala,viruela
buu,chinche del árbol (insecto)
cããajã'j-,aumentar
caacambu'j-,hacer quemar
caacambutsje‘j-,hacer ahogar
caachinda'j-,echar los cimientos
caachji'j-,hacer sentarse
caacjacje'j-,hacer asar
caacjẽu'j-,dejar pasar (para arriba)
caacjimbu'j,hacer desatar
caacjumbe'j-,hacer arrancar
caaclala'j-,dejar hervir
caacmbeesa'j-,hacer confesar
caacnayu'j-,hacer ganar
caacndyi'pu'j-,hacer confrontar
"caacpunga'j-, cpunga'j",hacer vomitar
caacpũushi'j-,hacer regar
caacreī'j-,hacer creer
caacu'ju'j-,hacer bailar
caacutyi'j-,hacer sacar
caacwcha'j,hacer lavar las manos
caacweetje'j-,hacer brillar
caafīcje'j-,hacer poner sombrero
"caafi'nze'j-, cfi'nze'j-",causar vivir
caafirmaí'j-,hacer firmar
"caafi'ze'j-, cfi'nze'j",hacer vivir
caagastaī'j-,hacer gastar
caaiipe'je'j,dejar bajo custodia de otro
caaīitse'j-,mandar cocer
caaimi'a'j,dar a la hija en casamiento
caaimi'j-,casar (a la hija)
caaīshi'j,hacer mentir
caaiviitu'j-,permitir destruir
caaja'nda'j-,comparar
caaja'nda'j-,igualar
"caajiyu'j-, cjiyu'j-",explicar
"caajni, jycaajni",mandato
caalisa'j-,hacer rezar
caamba'j-,casar (al hijo)
caambutsj-,ahogarse (en el agua)
caame,avío
caanasa'j-,colocar espantapájaros
caanasa'j-,poner espantapájaros
"caanishi'j-, cniishi'j-",engordar
caanuqui'j-,pegar (con goma)
caanviitu'j,hacer dejar
caanwẽese'je'j,hacer obedecer
caanze'j- (queenze'j-),hacer arrimar
caanze'j-(queenze'j-),poner inclinado
caapã'chi'j-,hacer cubrirse
cãapa'j,hacer estallar
cãapa'j-,detonar
caapa'ja'j-,permitir llegar
caapchjī'ch'j-,hacer lavar la cara
caapcjaacje'j-,hacer reunirse
caapcjaacje'j-,permitir reunirse con
caapdyi'pu'j,hacer enfrentar
caapechcanu'j-,hacer olvidar
caapechucue'j-,mandar dar látigo
caapeesu'j-,hacer regalar
caapeewecha'j-,propiciar (al ser maligno)
caapẽjyucue’j-,arrodillar
caapẽjyucue'j-,hacer arrodillarse
caapeltunaī'j-,hacer perdonar
"caapena'j-, cpeena'j-",hacer abundar
caapenda'j-,permitir enterrar
caapeswe'j-,dejar robar
caapi'qui'j-,mandar acompañar
"caapiya'j-, peevya'j- (T)",enseñar
caapiya'jni,enseñanza
"caapiya'jsa, peevya'sa (T)",maestro
caapj eu'j u'j-,hacer arreglar
caapjande'j-,hacer abrir
caapquivi'j,hacer derretir
caaptamu'j-,hacer casarse
caapta'shi'j-,mandar avisar
caaptsu'j-,poner fin a
caaptsu'j-,terminar (poner fin a)
caapu'chji'j-,mandar ayudar
caapui'j-,hacer pelear
caapuutsu'j-,mandar alimentar
caapuutyuyu'j,hacer encontrarse
caapuutywe'we'j- (lit. hacer conversar),conciliar
caaquīiji'j-,hacer bajar (desde arriba)
caaquindu'j-,hacer peinar
caaquindu'j-,mandar peinar
caaqui'pu'j-,mandar poner
caaqui'su'j-,mandar guardar dieta
caaqui'ta'j-,mandar encender
caaquityi'j-,hacer gotear
caascjeu'j-,dejar pasar (para abajo)
"caase-, jycaase-",descansar
caashi'j-,hacer encarcelar
caashingu'j,hacer sentir incapaz
caashuuna'j-,mandar callar
caashwendu'j-,devolver
caaspẽtje'j-,mandar cortar
caastyaja'j-,amansar
caastyaja'j-,domesticar (animales)
caasyũyũ'j-,hacer resonar
"caatandy i'j-, ctaandyi'j-",hacer girar
"caata'ngu'j- , cta'ngu'j-",hacer dar vuelta
caateca'j,hacer subir
caatelu'j-,hacer poner en el cepo
caatenzu'j-,cargar (debajo del brazo)
cãatsa'j,hacer enfermar
caatsu'j-,hacer coser
caatu'j,hacer llevar
caatundyi'j-,hacer beber
caatwaca'j-,hacer cortar
caatywete'j-,mandar sentarse
caatyweyu'j-,hacer vender
caau'ju-,hacer andar
caaũuscha'j-,enojar
caaũuspa'j-,ahogar
caaũusutje'j-,hacer pensar
caauycjẽu'j-,hacer pasar por
caauyu'j-,hacer ver
caaviitse'j-,hacer unir
caavi'j,hacer escupir
"caavya'j-, pta'sh- tywes-, ctjeengu'j-",mostrar
caawa'qui'j-,hacer masticar
caawãshi'j-,atemorizar
caãwashi'j-,asustar
caawũwu-,cabecear
caawũwu'j-,hacer menear
caayapu'j-,hacer envolver
caayaqui'j-,hacer recordar
caayulu'j-,hacer endeudar
caayu'ptje'j-,hacer cambiar
caayuwewu'j-,hacer reconciliar
cabildo,cabildo
"cabilduwe'sh, cjũeswe'sh",cabildante
"ca'ca, ca'ga",papa
cach-,posar (ave)
"cach-, pish- (C)",sentarse
cachni,asiento
cachrra u'p-,estar sentado
cachu,cacho
cachu,cuerno
cacja,caja
cacja,caja dental
cacue yu' vyaa-,menstruar
"cacue, cuejcue",cuerpo
cacuesec,fiebre
cafẽ,café
cafẽ ujnde-,cosechar café
cafẽ vis-,limpiar café
cafi'j-,"abrir (hoyo, hueco)"
cafi'j-,cavar
cafy,agujero
cafy,cueva
cafy,hoyo
ca'ga ej,papal
ca'ga'j-,hacer entrar
ca'ga'j-,meter
caj-,enviar
"cãj-, cũj-",subir (de abajo)
cãja-,alcanzar (con la mano)
ca'ja'j,hacer montar a caballo
cãja'j-,completar
"cajca, ncaaca",tío (hermano de la mamá)
"cajcue, cuejcue",encina
"cajcue, cuejcue",sobre
cajcuega,encima de
cãjpy,conejo
ca'jyam,trenza
"ca'jyam-, tsũ'ta'j-",trenzar
ca'jyamni,trenzado
calderu,caldera
calsun,calzones
camañũn,uva silvestre
camb-,quemar
"camba en, ptamu en",boda
"camba en, ptamu en",casamiento
"camba en, ptamu en",matrimonio (día de matrimonio)
"camba-, ptamu-",casarse
cambi'j-,dejar hervir
cami- (J),mentir
ca'nd-,mezclar
"ca'ndu-, nuuqui-",asociarse con
ca'ne'j,hacer llorar
canzh,feo
canzh putãa-,apestar (v.i )
canzh putasã,oler (mal)
canzh putasã,olor (fétido)
canzh we'we-,hablar mal
canzh yuuni,inmoralidad
capia,chivo
capijnz,motilón (árbol)
cã'pji'j-,echar una clueca
capla,cabra
case-,aliviarse
case'j- (cãsej-),resultar
case'j- (cãsej-),salir
case'jete,salida
cash,canasto
cash,ralo
cashish-,sacar (cosas o animales)
castigo cnay-,sufrir castigo
"ca't, ca'tu",hacia
catashi'j-,encabar
catashi'jni,encabado
catj,tirante (pieza de la armadura del tejado)
catjwe'sh,marco del telar
cats-,coser
cãtsa,coatí
cãtsa,cusumbe (mamífero)
catsni,costura
"catstende-, catsunde-",descoser
ca'tu tupyrra,al revés
catu'j-,mojar
"catyji-, chjãchja-, case-",mejorar (de una enfermedad)
ca'tyji'ji-,hacer estornudar
ca'wẽje'j-,permitir comer
cãwũjw-,sacudir
caycase'j-,calmar
caycatsunde-,hacer quitar ruana
caycjẽje'j-,hacer tragar
caypatje'j-,"hacer poner (freno, gorra)"
caypumba'j-,hacer equivocar
caysã'ja'j-,hacer bajar
caytẽeyu'j,hacer demorar
caytẽeyu'j-,atrasar
caytjacue'j-,dejar pasar tiempo
caytjame'j-,avergonzar
caytjame'j-,causar pena
caytundu'j-,hacer amarrar
caywecha'j,contentar
caywẽchpa'ja'j-,dar ataque
caywẽtu'j,hacer sanar
cayzunzu'j,hacer estirar
cbaji'j-,calentar (líquido)
cbajy,hervido
cbeele'j-,suspender (colgado)
cbuucha'j-,hacer brotar (planta)
cchaanzha'j-,hacer chupar
cchiiwa'j-,empachar
cchill wala,peinilla
"cchill wala, chill wala",machete
"cchill, chill",cuchillo
cchjãachja'j-,animar
cchjãachja'j-,fortalecer
cchu'chu'j,dar de mamar
cda'ndaja-,picotear
cdeeje'j-,acostar
cdeeje'j-,adormecer
cdeeje'jmẽe-,desvelar
cdeewayi'j-,hacer bostezar
cdeewe'j-,hacer pagar
cduucje'j,hacer entregar
cfi'ja'j-,hacer escribir
cfind,travesaño
cfindũu-,poner travesaño
chacha,viche
cha'cute-,formar grano (trigo)
cha'cy-,enfadarse
chajũ,pina
"chal, lepjy",grueso
chalun,chicharrón
chamba,zanja
chamba'j-,cavar zanja
chandy,sarna
"chandy, dyí'tjemby",caspl (árbol)
chang,escoplo (herramienta)
chanzha-,absorber
chanzha-,chupar
chaquijnde-,despegar
"chãty-, upacy-, upagacy-, (rep) upagaqui'cy",empujar
chavy,venado
"chavy-, (rep) chavi'vi'-",dar un paso
chavytũu,higuerón (árbol)
"chawee, seccuet",chiharra (insecto)
"chcande- (shcande-), (rep) chcandende- (shcandende-)",quebrar
"chcate- (shcate-), upe-",quebrarse
chī',perico (ave)
chica,gorgojo
chicãa-,gorgorearse
chich,carne
chich tujnd,carne pulpa
chich ujndy,cecina
"chiime'j-, pchiime'j-",blanquear
chijmchijme,blancuzco
chijme,blanco
chijme yuu-,ponerse pálido
chijme yuuni,pálido
chi'la,tiesto
chinda,pata
chinda,pie (de persona)
chinda,pierna
chinda ca'ca,espinilla
chinda ca'ca,tobillo
chinda much,patimocho
chinda pẽtyj,empeine
chinda pjapj,planta del pie
chinda tã'sh,talón
"chinda vyllill, chinda vi'y a (T)",dedo del pie
chinda watse,tendón (del pie)
"chindaj, chindarrãa",a pie
chinda's pchat-,cruzar las piernas
"chita-, (rep) chita'ta-",colgar (suspendido)
chjãchja,fuerte
chjãchja-,fortalecerse
chjãchja-,recuperarse
chjã'chja,brasa
chjãchja yajcy-,confiar en
"chjã'chja, i py chjã'chja",carbón
chjãchjamẽe,débil
chjacue we'we (shaacuẽ we'we-),"chanza, broma"
chjacue we'we- (shaacuẽ we'we-),chancear
chjacueesa,cómico
"chjacuesa, pjay",chistoso
"chji'ndytey, wala cusīi",madrugada
chu'c h-,mamar
chu'ch,pecho (de mujer)
chu'ch,teta
chu'ch letani,pezón
chu'ch tyunde-,destetar
chucha,chucha
chucha,zarigüeya
chucha cu'jni,baile de la chucha
chucha cu'jni,baile de la chucha
"chucuende-, chuctende-",arrancar (espigas)
chucuete-,arrancar
"chujwa, chujwe",agudo
"chũjwa, chũjwe",filudo
"chũjwa, chũjwe",puntiagudo
chulfity,dorotea (ave)
chunda,chonta
chunda,vara (usada por brujo)
"chunga, jande chunga",trompo (juguete)
chu'nzhu,cordón
chu'nzhu,látigo
"chu'nzhu-, cue'nzhi-",arrugarse
chũpy,orejudo
chũpy chwa',sombrero de ramos
chuuma'ma-,enmohecerse
chwa',sombrero
chwa' ets,ala de sombrero
chwatyj,carángano (Insecto)
cía u'y,vaca
"cielu, ẽe tsẽy",cielo
cjãambu,bastón
cjãas,ortiga (planta)
"cjaavi'ji-, cutyj shande-",desgranar (maíz)
"cjach, tama",tamo
cjacj-,asar
"cja'cj linde-, cja'cjtende-",descolgar
"cjã'cjã, cjã'ng",hormiga
cjacjnisa,asado
cjalma,enjalma
cjalma spajcy,quitar enjalma
cjalma spajcy-,desengañar
cjalma spajcy-,desenjalmar
cjalma tyaj-,enjalmar
cjalma tyaj-,poner enjalma
cjã'ng yat,hormiguero
cjãp,fétido
cjaquima,jáquima
cjas,lana
cjas,vello
cjas pjapj,lana escarmenada
cjas pjapj,madeja de lana
"cjas shunde-, cjaasu'j",cardar (lana)
cjas umbu-,mudar plumas
"cjas waga'te, dyi'tj waga'te",huso
cjas wãjyand,ovillo (de hilo de lana)
cjas wat,rueca (para hilar)
cjas ya'ja,jigra de lana
cjash,mazamorra
cjã'sh,langosta
cjã'sh le'ch,grillo
cjash yu',chicha de maíz
cjashi'j-,hacer mazamorra
cjastjẽ'j,lanudo
cja'ty,corteza
cja'ty,cuero
cja'ty,piel
cja'ty,vaina
cja'ty cu'nd-,curtir (cuero)
cja'tya,rejo
cja'tya-,dar rejo
"cja'tya-, castigaī-",castigar
cja'tyinde-,desprender
cja'tyite-,desprenderse
cjavy,grano (semilla)
-cjẽ,"abajo, hacia abajo"
cjẽcjenaasuwe'sh,abajeño
"cjẽendyi'j, jycjẽendyi'j (lit. camino de tragar)",esófago
cjẽetee,boca arriba
cjẽj-,bajar (hacia abajo)
cjẽj-,caber
cjī-,convenir
cjicj-,poner (cosa larga)
cjicji'cji'j-,centellear
cjicjy-,amanecer
cjicy-,aclarar (día)
cjīij chwa',sombrero de hoja de caña
cjīij tash,mata de caña brava
cjīj,caña brava
cjimb-,desatar
cjimbtende-,desbaratar
cji'pju'j,hacer tener
cjīsha,caña brava del páramo
cjītse,murciélago
cjlmb-,desenredar
cjlse,catarata
cjũch,negro
cjũch,sucio
cjũch bejbej,morado
cjũch ji'j,moreno (raza)
cjũchacj-,teñir de negro
cjũchcjũch bej,castaño
cjũchcjũch tsẽy,azul subido
cjũchji-,ennegrecerse
cjũchji-,negrecer
cjũchji'j-,tiznar
cjũcj- (cjucj- T),borrar
"cjũcj-, nuyaate-",limpiar
cjũcju,borrador (para borrar)
cjuẽs,juez (autoridad)
cjuẽ'y,"primero, primeramente"
cjumbe-,arrancar
cjumbe-,desarraigar
cjumbete-,desarraigarse
cjũuchji'j-,ensuciar
cjuuts,ceniza
cjuuts yu',lejía
"cjuuts, ũpacjuuts",pólvora
cjya'ndyi'j-,permitir tocar
cjyu'ja'j-,dejar crecer el pelo
"cjyũ'ju'j-, caatje'j-",vestir
cla,ganado
cla,res
claa chich,carne de res
claa luuch,becerro
claapatu,garabato
claapjica,clavija (para torcer laso)
claatyi,carate (especie de sarna)
clala-,hervir
cla's cu's-,ordeñar
claus,clavo
clech,lengua de fuego
cleechi'chi-,flamear (despedir llamas)
cleecytul (T),inspector
clliicjun,calle
cllumb,duende
cluus,cruz
cluuscje caafyutsu'j-,mandar crucificar
cluuscjẽ fyuts-,crucificar
cmaajī'j-,hacer trabajar
cmale,comadre
cmbale,compadre
cmbamba,mandíbula
cmbamba dyi'tj,quijada
cmbu'mbu'j-,hacer zumbar
cmeemu'j-,hacer cantar
cmiisa,camisa
cmuutsu'j-,hacer amontonar
cnaasa',espantapájaros
cna'sa,joven (mujer)
cnay-,ganar (vencer)
cnay-,vencer
"cnaysá, piun",jornalero
cndul,cóndor
cneeyũ,guineo
cneeyũ īts pullu,tamal de guineo
cnene,frente (de la cabeza)
cne's,hechizar
cnzeevy-,chamuscar
cpã,herida
"cpaachaty-, cpaaupacy-",lograr capujar
cpaacue'j-,permitir buscar
cpaacycjiyu'j-,lograr hacer entender
cpaacyjiyu-,lograr entender
cpaajya'ndy-,lograr tocar
cpaaneewe'we-,lograr recomendar
cpaanewe-,lograr detener
cpaanicy-,lograr llevar
cpaanwe'we-,lograr Intervenir
cpaapta'sh-,lograr avisar
cpaasu'j-,permitir contestar
cpaatjeng-,lograr airar
cpaawenzh-,lograr halar
cpaawẽse'j-,lograr escuchar
cpaawe'we-,Intervenir (en una conversación)
cpa'chi'j-,cobijar
cpa'ja'j,hacer llegar
cpajcy-,alcanzar (a alguien que va adelante)
cpandu'j-,hacer barrer
cpandu'j-,mandar barrer
cpatẽe-,deshincharse
cpãvit-,herir
cpãyũu-,herirse
"cpãyũuni, cpãvitni",herido
cpãyũusa,herido
cpeelu'j-,hacer rodar
"cpeembe'j-, cweeyi'j-",hacer gritar
cpeetya'j-,dejar pegar
cpeu'j-,bañar
cpẽu'j-,hacer bañar
"cpiinda, pquiinda",guayaba
cpiitan,capitán
cpi'sh,trueno
cpi'sh cuejne-,relámpago
cpi'sh quīj-,caer rayo
"cpi'sh we'we-, cpi'sh sus-",tronar
cpjãaja'jni,tos
cpjãja'j-,hacer toser
cpu'chji'j-,permitir ayudar
cpun,jabón
"cpunga'j wee, punga wee",colerín
cpunga'j wẽeni,ansia (náusea)
cpu'nze'j-,ser padrinos (de matrimonio)
cpu'nzesawe'sh,padrinos (de matrimonio)
cpu'quitje'j-,apuntalar
cpu'quitje'jwa'jsa,puntal
cpuunu'j-,capar
cpuuse'j-,dejar fermentar
creī-,creer
cseelpi'j-,ocupar
cseelpi'j-,utilizar
cseembu'j-,hacer pliegues
"cselpi'j-, caaselpi'j",hacer servir
csemba,diez
csẽ'sẽ-,guiñar
"cshavyte, cshavysu",entre
"cshavyte, cshavysu, pyãjte",en medío de
csha'w-,soñar
"csha'w, deewẽeni",sueño
cshi’ta'j-,echar huso-
cshiica'j-,hacer reír
csina,cocina
csuusu'j,hacer sonar
csuusu'j-,alborotar
csuuwu'j-,hacer dañar
cta'ñi'j-,causar sentir 'señas'
ctejca-,cruzar
ctejca-,pasar (al otro lado)
"ctejca-, uycjẽw-",atravesar (pasar de un lado a otro)
ctjeetje'j-,mandar lavar
ctjengu'j,hacer mirar
ctsja'jya'j-,hacer extender los brazos
ctu'fi'j,hacer eructar
ctũ'j-,emborrachar
ctu'se'j-,cargar (echar carga)
ctyaaja'j-,hacer poner
cuch,molestamente
cuch,"molesto, molestoso"
cu'ch,arenoso
cu'ch-,desmoronar
cuch susu-,hacer bulla
"cuch vit-, cuch yuu-",molestar
"cuch vit-, cuuchi'j-",poner pereque
cuch we'we-,molestar (con hablar)
cuch yajcy-,preocuparse
cuchi,cerdo
cuchi,marrano
cuchi,puerco
cuchi īts,hocico
cuchi tel,horqueta (para puerco)
"cuchi-, ya'cuchi-",aburrirse
cuẽ,niño (hablando con afecto)
cue quiwe wendy,sabaleta (pez)
"cuejne-,(rep) cueneene-, cuentete-",relampaguear
cuentu'j,contar un relato
cuentu'j-,relatar
cue'nz,arruga
"cue'nzhu-, cue'nzu-",fruncir
cue'sh,"nosotros, nosotras (pron.pers)"
cue'sh pa'gate,por nosotros
"cue'sh, cue'shjīi","nuestro, nuestra (pron.pos)"
cue'shtyi nwe'wesa,Nuestro Salvador
cue'shtyi taqui'sa,Creador
cuet,piedra
cuet peña,roca
cuet pwa',cobertizo (de roca)
cuet wãatãtãj-,apedrear
cuet yuu-,congelar
cuetand,mambe
"cuetmuse, muse",arena
"cuetpũts, vyuutyjã'",chuleo (planta)
cuetumba,granizo
cuẽtya-,abollar
cuj,bastante
cuj,muchos
cu'j-,bailar
cuj us,varias veces
cuj yajcy-,dudar
cuj yajcy-,vacilar
"cuj, cũj",varios
cũja-,multiplicar
cu'jsa,"bailador (m,f)"
cu'ju,baile
cujya,sopa
cujya-,cocinar yerba
cul,cogollo
cu'le,derecho
"cu'le, sut",recto
cu'le'j-,alinear
cu'le'j-,enderezar
culu-,acogollar
culúu-,retoñar (echar cogollo)
cumby,"moján, mojano (ser sobrenatural)"
cumby ya'ja,jigra de tejido flojo
cu'nd-,untar
cunzha,cuchara (hecha de calabaza)
cuñ-,despulpar (café)
"cuñ-, cpuunu'j-",castrar
cũ'p-,enlazar
cũ'p cja'tya,soga
"cupe, tyi'fy",búho
"cupe, tyi'fy",lechuza (ave nocturna)
cupjat-,meter (cosa gruesa)
"cupjy, ipy cjũch, ech cupjy",candelilla
"cupy-, tupy-",descascarar
cupytende-,quiebra maíz (moler bastante grueso)
cus,noche
cu's-,exprimir
"cusa'j- , ncuusa‘j-",quitar (despojar o privar de algo)
"cuscay, cuscus (T)",día siguiente
"cuscay, cuscus (T)",mañana
cuscaypcach,hasta mañana
"cuscaypcach, cuscuspcach (T)",hasta mañana
cuse,mano
cuse chavy,músculo
cuse meetjacue,dorso de la mano
cuse meetjacue,dorso de la mano
cuse much,manco
cuse mush,dedo
cuse njī'j,dedo pulgar
cuse njī'j,pulgar
cuse nuuch,meñique (dedo)
"cuse peequi'j-, cu'ta peequi'j- (lit. prestar la mano o espalda)",prestar ayuda
cuse pẽtyj,muñeca (de la maño)
cuse pi ',brazo (inferior)
cuse pil,antebrazo
cuse pjapj,palma de la mano
cuse pjapj,palma de la mano
cuse pjapj,"palmo menor (medida, ancho de los cuatro dedos)"
cuse ũus,dedo cordial (medio)
cuse vijya,índice (dedo)
"cuse vyllill, cuse vi'ya (T)",dedo de la mano
cuse watse,tendón (de la mano)
cusega jypetyatya-,aplaudir
cuseju,con la mano
cuseju,con la mano
cúsete,en la mano
cusety cũusu'j,hacer estrechar las manos
cusety jyaw-,cruzar los brazos
cush,vulva
cusīi,por la mañana
cusīi quiite-,madrugar
cuspyãj,medianoche
cu'ta,"braza, brazada (medida)"
cu'ta dyi'tj,húmero
"cu'ta, bap (J), bamba (T)",hombro
cute,lado opuesto
cútete,al lado opuesto
cutyi'j-,alejar
cutyi'j-,sacar
cutyj,maíz
cutyj bej,maíz común
cutyj chijme,maíz blanco
cutyj cjas,pelusa de maíz
cutyj cjavy,maíz en grano
cutyj dyi'tj ej,maizal (sin mazorca)
cutyj ej,maizal
cutyj mush,maíz pirá
cutyj tupj,maíz sarazo
cutyj wajwa,maíz capio
cuupjũ'j-,hacer brincar
cuuta'j-,hartar
cuutsje'j-,dejar tocar
cuutya'j-,arrimar
"cuutya'j-, nuyutya-",acercar
cuvy,flauta
cuvy-,tocar flauta
cuvysã,flautista
cuvytewe'sh,músico
cuw,absceso
cuw,tumor
cu'w-,"impartir (calor, luz)"
cuwe'j-,hacer coger
cuwũu-,formar tumor (o chupo)
cuy-,mirar (adentro)
cviisha'j-,consolar
cviisu'j,hacer desyerbar
cviisu'j-,hacer entretenerse
cviitj-,freír
cviitu'j,mandar hacer
cvis-,atacar
cvis-,azuzar
cvis-,provocar
cwaaca'j-,hacer cortar (el pelo)
cwaaty i'j-,cansar (causar cansancio)
cwaatyi'j-,fatigar
cwa'lu'j-,causar pereza
cwa'lu'j-,desagradar
cwa'lu'j-,hacer tener pereza
cweechãa-,lavar las manos
"cwẽeje'j-,",causar hambre
"cweeji'j-, cwe'lli'j-",endurecer
cweejya'j-,abanicar
cweejya'j-,aventar
cweejya'jni,abanico
cweenzhi'j-,hacer arrastrar
cwẽese'j-,permitir oír
cwẽeta,tambor
cweete'j-,hacer caer
cwẽetes,cohete
cweetj-,alumbrar
cweetj-,iluminar
cweetjnisa,iluminación
cweeyu'j-,mandar comprar
"cwejne-, cweetj-, pu'i nene-",brillar
cwendyimbu,zarza (planta)
cwetand tuca,calabazo (para coca)
cwe'we'j-,permitir hablar
cwẽ'yã,helecho
cwuwu'j-,hacer correr
cyãa jīi tyãa jīi,"suyo, suya (de él, ella) (pron.pos)"
"cyãa, tyãa","aquél, aquélla"
"cyãa, tyãa",él (pron.pers)
"cyãa, tyãa",ella (pron.pers)
"cyãa, tyãa","ese, esa (pron.dem)"
cyaacje'j-,hacer cargar
cyaandu-,rodear
cyaatsqui'pu'j-,hacer arrear
"cyãawe'sh jīi , tyãawe'sh jīi","suyos, suyas (de ellos, ellas) (pron.pos)"
"cyã'ji-, tyã'ji-",decir
cya'ndu'j-,enredar v.t)
cya'patje'j-,hacer cubrir
"cy'chavi'j-, caayu'spẽtje'j-, cyu'spẽtje'j-",hacer tropezar
cysew-,maldecir
cysew we'weni,maldición
cysus-,"mentar, mencionar"
cytã',basura
cytã'ja'j-,hacer basura
cytala,guitarra
cytala tucasa,músico (que toca guitarra)
cytala wes,cuerda de guitarra
cytandy-,rodear
cytã'tujnd,polvo
"cyte, cysu",ahí
"cyte, cysu","allá, allí"
cytee pa'j,hasta allí
cyteerraj,unido
cytemũu-,apretar
cytey yuu-,cumplir
cytũus,arco iris
cyũ'ju'j-,permitir hacer
cyul,en vano
cyul,"vano, en vano"
cyulmẽe,no en vano
cyuuju'j-,hacer parar
cyuupj-,encerrar
cyuupu'j-,hacer atajar
cyũusu'j-,causar tristeza
cyũusu'j- (cñusu'j-),entristecer
cyũ'wẽ'j-,causar sed
daaquí,"indígena andaquí (m,f)"
daaquī,"Andaquí (indígenas de Huila) (m,f)"
"da'cj-, sũcja'cja-",acariciar
davy-,menear
davy-,revolver
deeni atũ,cama
deeni ũs-,estar acostado
deeni ũs-,estar dormido
"deeni, deeni ũsa'",dormido
"deepa'chni, plliisatu (T)",cobija
deeway-,bostezar
deewẽje-,tener sueño
dej-,acostarse
dej-,dormir
"dejmẽe pe'te-, deepang-",trasnochar
denzh,dormilón
dewe-,pagar
ducj-,entregar
duj,pesado
dujãa-,ponerse pesado
dulse,panela
dund,aprisa
dund,prisa
dund,pronto
"dund yaj, tund yaj",tarabita
dund yuj,"a prisa, de prisa"
"dundtey, dundte",rápidamente
duu-,parir
duu-,poner huevos
duu yat,nido
duusã,ponedora
dycjas,cabello
dycjas,pelo
dycjas much,pelón
dycjas shũ'sh,cabello rizado
dyictjẽ ju'ngu,cabecera
dyictjẽ sũpy,calvo
"dyictjẽ, jycuet, tsũcj (T)",cabeza
dyicy,caspa
"dyii, jyu'j",hondo
dyiicjẽy,antemano
"dyiiga, tashga",debajo
"dyiite, dyiiga",adentro
dyiitewe'sh,interno
dyi'j,camino
dyi'j,vía
dyi'j putste,orilla (del camino)
dyi'j u'j-,viajar
dyij yuu-,practicar brujería
dyij yuuni,brujería
dyij yuunī,hechicería
dyij yuusã,hechicero
"dyij yuusã, mestlu, tjẽ'j",brujo
"dyij, yuj",ciertamente
"dyijca, catyj",activo
dyíji,casi
dyindy-,afeitar
dyindy-,rasurar
dyi'p,cara
dyi'p,rostro
"dyi'pte, dyi'puwe'sh",enfrente
"dyi'pte, tashte",ante
dyi'tj,hueso
Dyus,Dios
Dyus yacj puuty we'we-,orar
Dyus yuwe,Palabra de Dios
Dyusa's yaacysa,"creyente (m,f)"
"dyuus mama, neenjī'j",madrina
"dyuus tata, neeney",padrino
dyuus yat,iglesia
"eca, ecaj",fuera de
"eca, ecate",afuera
"ecajuwe'sh, vite quiwejuwe'sh",extranjero
ech,demonio
"ech iiyanuinisa, ech luucu vitnisa",endemoniado
ech pijts,viudo
ech u'y,viuda
"ech, yu'cj ech",fiera
echech,fregado
echtel,perico plomo (ave nocturna)
echtjẽ'j,diablo
"echtsẽy, cupjy, cupjipy",luciérnaga (insecto)
e'cy,leña
ee,sangre
ẽe cjũch,mal agüero (nube negra)
"ee cuet, ee lul",coágulo
ẽe cytã',escarcha
"ee watse, ee wetse",vena
ẽeīi cus,temprano en la noche
"ẽeīi, cusīi",temprano
een i sa,diario
een isa,cada día
eena',atento
eena',despejado (el día)
eena',luz
eena'te,en la luz
ẽepyãj,mediodía
"eeswee, cacue yu'",hemorragia
"ẽete, ẽesu, tjacue",arriba
ẽewee,estrella fugaz
efy,colmillo
ej,sementera
"ejẽw-, iicjẽw-, jycjẽw-",pasar
"ejme, ejmejme",corriente (del río)
"ejnd u'jni- , quiwe ẽseni",temblor (de tierra)
"ejnz, enz en, sec en",verano
ejwa,cucharón
ejy,peña
"ejy saapajcy-, ejy upe-",derrumbarse
ejy u'cj,derrumbe
ẽjyã,arbusto
ẽjya cu'ta,rama (de arbusto)
ẽjyã ets,hoja (de arbusto)
"el apichi, tlaapichi",trapiche
ele,cosquillas
en,día
en,tiempo
en ãj-,llegar la hora
en ewuu-,hacer buen tiempo
en ewũu-,componerse (el tiempo)
"en ji'pj-, tundu-",tener tiempo
enda-,flotar
e'nz,dos
e'nz e'nz,de dos en dos
e'nz us,dos veces
"enzh, shul'",aguado
e'nzīi,ambos (adj.pl)
e'nztewe'sh,segundo
"epsa, scuutyj dyi'tj ej",rastrojo
ẽs,piojo
"ẽs ets, we'pe ẽs",frailejón (planta)
ẽs zits,liendre
e'scjẽ,detrás
e'scjẽ nvijt-,derrotar
e'scjẽ nvijt-,rechazar
"ẽse-, (rep) ẽse'se-",moverse
"ẽse, dujmẽe",liviano
ẽsee-,aligerar
ẽsee-,ponerse liviano
ẽsemẽe,quieto
ẽseya' ãjasamẽe,paralítico
e'sh,hipo
ẽsh,coca
ẽsh ej,campo de coca
"ẽsh pe'tse-, ẽsh ũ'we-",mascar coca
"ẽsh u'we-, ẽsh wa'cy-, ẽsh pe'tse-",mambear
e'shavy,oso
e'shi'j-,tener hipo
e'shwee,tosferina
"e'ste u'j-, e'ste yuj-",seguir
e'stewe'sh,siguiente
"e'stewe'sh, nuuch, nuuchsa",menor (de edad o en importancia)
e'su,después
"e'su, e'ste",atrás
ets,hoja (de papel)
ets,hoja
ets,papel
"e'ts, e'tscuẽ","colibrí, esmeralda (ave)"
e'tscuẽ,chupaflor (ave)
e'tscuẽ,esmeralda (ave)
etse,frío
etse yuu-,hacer frío
etste ãsh-,apuntar (por escrito)
etste caashi’j-,asentar partida
etste pa'ya-,pasar lista
ew,bien
ew nwẽese'jsa,obediente
ew pa'j-,venir (ajustarse)
ew yũu-,hacer bien
"ew, ewsa",bueno
"ewcha, ewchacue",hola! (Interj)
ewmẽe,mal
"ewmẽe tutje-, canzh tutje-",levantar mala fama
ewmẽe yaacyni,malicia
ewmẽe yũu-,hacer mal
"ewmẽe yuu-, pcalte wete-",pecar
ewmẽe yuwe ũs-,acusar
ewmeesa,mal
"ewmeesa, canzh",malo
ewmeete neeyũu- (lit. quedar en mal),ser condenado
ewmeete nvijt-,condenar
"ewna jí-, ewa' j í-",aprobar
ewsa,fino
ewte neeyuu-,quedar libre
ewte neeyũu-,salvarse
ewte neeyũu- (lit. quedar en bien),ser salvo
ewte nvijt-,librar
ewũu-,componerse
fichja-,apagar
fi'cue,moteado
fiesta en,día festivo
"fiesta vit-, fiesta'j-, caascjẽu'j-, yu'scjẽw-",celebrar fiesta
"fi'fy-, fyu'fy-, (rep) fyu'fyu'ju-",silbar
fīi-,marchitar
"fii, fiite",aparte
fīic-,poner sombrero
fīicunde-,quitar sombrero
"fiiju , ca'tu tupyrra",al revés
"fiina, (rep) finfiina-",ahorrar
fiinze'j-,enfriar
fi'j-,escribir
"fi'j, pend, peendu'jni",rayado
fi'jni,escrito
fi'l,perdiz (ave)
"fillunde-, fillute-",descoyuntar
fime,cana
find-,disolver
findy,coyuntura
finze,frío
finze quiwe,tierra fría
finze yuu-,hacer fresco
"fi'nze-, cus-",atardecer
"fi'nze, cusni",tarde
"fi'nze-, ya'fi'nze-, ītyī fi'nze",vivir
finzẽe-,enfriar
"fi'nzetste, cusutste",por la tarde
finzh,guacharaca (ave)
"finzh cjũch, finzh wala",pavo del monte
finzha,codo
fi'pju'chsa (lit. ayuda-escribir),escribiente
"fīsh, fynej",mosca
fitscu'ng,nudillo (yerba)
fitse-,espesarse
fitsj,"cuí, conejillo de Indias"
fīty-,despertar
fiw,semilla
"fiwúu-, pcjacj-","recoger (semillas, granos)"
fiy,diferente
fiy,distinto
fiy,extraño
fiy we'we-,hablar distinto
"fiy yajcy-, ewmẽe yajcy-",pensar mal
fiy yuu-,cambiar de aspecto
fiy yũu-,portarse mal
fiyajts-,adelantarse (ganar la delantera a alguien)
fiycãj-,estar desalentado
fiycãj-,sentir extraño
"fiyuu-, (rep) fiyu'yu-",extrañarse
flndy pang-,descoyuntar
frenu's pajnde-,desenfrenar
fycaach-,deshojar (maíz)
fycach,amero
fychacha,lechero (árbol)
fyneecu'c-,enjuagar
fyne'sh,saliva
fynu,sitio abandonado
fytjaa we'we-,rogar
"fytjaa yuu-, pa'ga yuu-",padecer
fytũ,garrote
fytũ,madera
fytũ,palo
fytũ cu'ta,rama (de árbol)
fytũ ũ'tssa,carpintero
"fytũ, fytũu tash",árbol
fytũpatj,bodoquera
"fytũu chica, fytũu wes, fytũu ũ'sa",comején (insecto)
fytũu cja'ty,corteza
fytũu cja'ty,corteza de árbol
fytũu ets,hoja (de árbol)
fytũu pe'la,astilla
fytũu vica,bordón
fytũu watse,raíz de árbol
fytũu yu',savia
fytũupatj,cerbatana
"fyu cu'ta, jyu cu'ta (T)",ala
fyuj- (jyuj- T),volar
fyuts-,clavar
"fyutstende-, fyutsunde-",desclavar
fyutsunde-,desarmar
fyutsute-,desarmar
icani,golpe
icj-,matar
īcj,charco
īcj-,llegar de un viaje
ī'cj-,tener visiones
īcj uta-,inundar
īcj wala,"lago, laguna"
īcj wala,mar
īcj wala,océano
ī'cjwe'sh,visiones
i'cue jīi,suya (de usted) (pron.pos)
"i'cue jīi, ijcha jīi",tuya (pron.pos)
i'cue'sh,ustedes
īcy-,regañar
īcy we'weni,regaño
"ícy-, īcywe'we-",reprender
īcywe'we-,censurar
iica'cana us-,aglomerarse
īicja'j,hacer estanque
"iiẽepyaj-, yẽepyãj-",demorar (hasta mediodía)
iijyũnisa,usado
"iijyũu-, cseelpi'j-",usar
iimẽj,sumamente
iimẽj wala,inmenso
iimi'-,casarse (la mujer)
iimujcue-,cerrar la boca
iindeewe-,defenderse
iindeweni,callo
iindy jīi,suyo (de usted) (pron.pos)
iindy jīi,tuyo (pron.pos)
"iindy, i'cue, icha",tu (pron.pos)
iindyi'pu-,confrontar
iipe'j,hacerse responsable por otro
iipe'j-,responsabilizarse
iipshũ'j-,hacer sombra
iipuii yuu-,enemistarse
iipyãani,celos
"iipyãj-, piipyãj-",tener celos
īis-,poner falda
iisa,cada
iisawa'jni,marca
iisawa'jnimẽe,mostrenco
"īish, īishcuẽ",viejo
"īishi-, tjẽ'je-",envejecerse (hombre)
"īishweete, penzhweete",vejez
"iitee, iitey",prematuro
"īits, tjẽ'j",maduro
īitse'j-,cocer
īitse'jni,cocido
"íitse'jsa, csinela",cocinera
íitsũu-,madurar
iiwajca-,cortarse (el pelo)
iiwe-,dejarse coger
"iiwees-, (rep) iiweesu's-",moler finito
iiwejch,orgulloso
iiwejch we'we-,jactarse
"iiwejch we'weni, iiwejch yaacyni",orgullo
iiwejch yajcy-,enorgullecerse
iiwejch yajcy-,sentir orgulloso
iiwejndy-,ser amado
iiwejtse-,arraigar (echar raíces)
iiyuu-,casarse (el hombre)
ij,junto
ij fi'nze-,cohabitar (hacer vida marital)
ij fi'nze-,convivir
ījpa-,disparar
ilu,hilo
ilu watsu-,ensartar
ime,estiércol
ime,excremento
"indy jīi, i'cue jīi,",para ti
"indy, i'cue",usted
"indy, i'cue, ijcha",tú
"indy, yacj, i'cue, yacj",contigo
"ī'nẽe, ī'nrráa",sin motivo
infiernu,infierno
inyección qui'p-,inyectar
inzũ'ni,corroído
"inzu'ni, baytu'cni",oxidado
īpjy-,cargar (a cuestas)
ipy,candela
ipy,fuego
ipy ca't,fogón
ipy cleechi,llama (de fuego)
ipy cuet,tulpa
ipy ñiñ,ascua
ipy ñiñ,rojizo
ipy pqui'tani,antorcha
"ipy quityãa-, ñiñi-",prender (candela)
ipy tyjic,tizón
īqui,crudo
is- (īis- ),vestirse (mujer)
isa,cierto
isa,verdad
isa-,contar
isa-,ensayar
isa-,medir
isa-,pesar
isa-,probar
isani,romana
ishīi-,mentir
"íshīi-, (fig) cjalma tyaj-",engañar
īshiimẽe,verdaderamente
īshiina nuywe'we-,chlsmear
īshiini,mentira
īshiisa,mentiroso
i'sutj,honda
īts,nariz
īts-,cocer (hervir un líquido)
īts cafy,fosa nasal
īts yachni,hemorragia nasal
ītyī,vivo
"ītyī fi'nzeni, ītyī fi'nzewa'j, fi'nzeni , fi'nzewa'j",vida
ītyī ũs-,estar despierto
"ītyīsa, fi'nzesa",viviente
iviit-,perder
"iw, chull",pene
iyu-,escapar
"iyu-, ũpj-",huir  (v. i)
ja'll-,estregar
jamby,arisco
jamby,esquivo
jamby-,esquivar
"ja'nda, fiymẽe",igual
ja'ndamẽe,desigual
ja'ndarraj,juntamente
jande,muy (árbol)
jatj- (atj-),atrancar
jaw,carrizo (sirve para flauta)
jemb,chorrlzo
jemb-,"izquierdo, a"
"jembte, jembu",a la izquierda
jembu cuse,mano izquierda
jembu cuseju,zurdo
je'ng,paladar
jẽp,yerba (que enloquece)
jetu'tu-,sollozar
ji-,decir (con cita directa)
jii-,conocer
jīi,pertenecer
jii neeyũu- (lit. quedar sabiendo),enterarse (de un asunto)
jīi vit-,redimir
"jii-, jiyu-",saber
jiimeesa,ignorante
ji'j,"descendente (m,f)"
ji'j,linaje
ji'j,raza
jīl,para (destino o fin)
jimba,caballo
jimba apj,tábano
jimba chinda pẽty,cuartilla (del caballo)
jimba cjũch,danta
jimba dycjas,crin
jimba dyi'j,camino de herradura
jimba ji'mbe,anca (de caballo)
jimba luuch,"potra, potranca"
jimba luuch,"potro, potranco"
jimba pembẽe-,relinchar
jimba u'y,yegua
jimba vyllili,casco (uña del pie del caballo)
ji'mbe,muslo
ji'pi-,poseer
ji'pj-,tener
ji'pjsa,rico
ji'pjsa yuu-,enriquecerse
ji'pju-,contener
ji'pjuni,bienes
jiyu-,comprender
jiyu-,entender
jiyu-,reconocer
jiyunimeesa,desconocido
jiyunisa,conocido
-ju,con (prep: indica el medio o instrumento)
"-ju,-u,-uj","de, desde"
jueves,jueves
julnu,horno
jũ'na aañu,año pasado
jũ'na cus,anoche
jũ'na cuscjẽ,antenoche
"jũ'na qui'su, ũ'na qui'su",semana pasada
"jũ'na, ũ'na",ayer
ju'ngu,a favor de
ju'ngu we'we-,apoyar
ju'ngu we'we-,hablar a favor
ju'ngu yuu-,favorecer
ju'ngusa,partidario
juraī-,jurar
juuna',severamente
juuna',violento
juuna' yuu-,forzar
juuna' yuu-,tratar con severidad
juuna'sa,temible
jwee,más
jweeīirrãa,más y más
jweelu-,asomar
jwẽenzh,agüinche
jweete ntsun,biznieta
jweete ntsun,biznieto
jya'j-,acabar
"jyã'j-, ptsuu-",terminar
jyamb-,vaciar (granos)
jyandu wee,parálisis
jyandu'j-,redondear
jyandũu-,paralizar
"jya'ndy-, (rep) jya'ndyi'ndy-",tocar
"jya'ndy-, (rep) jya'ndyi'ndyi-",palpar
jyãsh-,vaciar
jyaw-,guardar
jyaw-,vaciar (líquido)
jycaaj-,autorizar
jycaaj-,ordenar
jycaajsa,gobernante
jycaajsa,mandatario
jycaani,orden
jycaase en,día feriado
jycajts-,"ponerse (camisa, ruana)"
jycatsunde-,quitarse (ruana)
jychanzha-,limpiar mugre (rito del brujo)
"jycja'ctende-, jycja'cunde-",desechar una acusación
"jycja'ctende-, jycja'cunde-",librarse (desechar una acusación)
jycjẽe-,tragar
jycjũucj-,limpiarse (a uno mismo)
jycuet dyi'tj,cráneo
jycuusa'j-,dejarse quitar
jycuusu-,hacerse tarde
jycuutyi'j-,desenfundar
jycuutyl'j-,dar a luz
jypa’yacynimẽe,descuido
jypa'ga-,aceptar
jypa'ga-,acoger
jypa'ga- (jypa'ca-),recibir
jypang-,fracturar
jypa'yacy!,cuidado!
jypa'yajcymẽe,descuidado
jypeecypacy-,poner sobre el hombro
jype'j-,criar (a un huérfano)
jypejcue-,cortarse (con machete)
jype'jnisa,entenado (hijo adoptivo)
jypendãa-,hundirse
jypẽw-,bañarse (con yerba)
jypey-,apuntar (un arma)
jypujts-,enganchar
jypumba-,equivocarse
"jypumbamẽe, shiingmẽe",acertadamente
jypumbani,equivocación
jyputã-,oler
"jyputa, (rep) jyputa'ta-",coger rastro (perro)
jypuuts atyj,blusa de lana
jysaacuecue-,sacudirse
jysũutj- (fysũutj- T),esconderse
jytandy-,dar vuelta alrededor de
jyta'ñi-,adivinar
jyta'ñisa,adivino
jytẽeyũu-,atrasarse
jytjaacue,desasíado
"jytjaas-, wẽje-",desear
jytjãasni,voluntad
"jytjẽeyuu-, tyachi-",demorar
"jytjuuc-, ya'cy-",ahorcarse
"jytu'cj-, putu-",atragantarse
jytujnd-,"estar encarcelado, detenido"
jytujte,famoso
jytund-,ceñir
jytund yaj,cintura
jytundnisa,cinturón
"jytuw-, tuwúu-",acortarse
jytyunde-,compartir
"jytyunde-, (rep) jytyundende-",repartir
"jyũ-, jyũna pa'j-, pe'jna pa'j-",traer
jyuca,todo
jyucate,del todo
jyucaysa,todos
jyũcj,nudo
jyũcj-,amarrar nudo
jyũcjwende-,desatar nudo
jyũcuet,rodilla
jyu'j,largo
jyu'j,lejos
jyu'j dyi'j,rumbo lejano
jyu'j quiwe,tierra lejana
jyu'j quiwejuwe'sh,de tierra lejana
jyu'ja-,alargarse
jyu'ja-,crecer (pelo) (v-i)
jyu'jmeecue,breve
jyu'juwe'sh,lejano
jyu'nde,liso
jyũ'nzh,"bola, forma de"
jyũ'nzhcuẽ,carirredondo
jyutcjamb,salvia (planta medicinal)
jyũtj,maleza
jyũtj vissa,yerbatero
"jyutj, jyũtj",hierba
jyzuunz-,estirarse
lamus,palma
lamus chwa',sombrero de palma
"lanzh, ñu'py le'chcue",guatín
"lash, lacy, zuuna'mẽe",flojo (mal atado)
"lashi- , lajcy-, nuylajcy-",aflojar
lashnu,durazno
lasu,lazo
"lavi'j-, plavi'j-",alisar
lavy,liso
lavy-,ponerse liso
"lavy, sha'tyj (T)",resbaloso
"lawẽch, quiwellill",lagartija
"le'ch, le'chcue",chico
"le'ch, le'chcuẽ",pequeño
lechi,leche
"le'chi-, tuwúu-",mermar
"le'chi-, ũpj-, fiita-",encogerse (tela)
"lechíi-, quele'j-, cleechi'j-",hacer cosquillas
lechi's cweeji'j-,cuajar
lẽeī-,leer
lẽeya' jiimeesa,analfabeto
"le'le, tyity, tũupja'ñi",mojado
"lem yuu- , lemũu- shquiicy yuu-",ponerse amarillo
"lem, lemtjẽ'j, shquiicy",amarillo
lemlem bej,anaranjado
leng,cojo
lengu-,cojear
lepja,colgante
libra,libra (medida)
libru,libro
lisãa- (llisãa-),rezar
"lisasã, llisasã",rezandero
llima,naranja
llima ej,naranjal
llimún,limón
lllnderu,lindero
lmushnu,limosna
"luasil, nuasel",alguacil
lucjlucj jī-,cloquear (gallinas)
lu'l-,moler (cosa aguada)
luñis,lunes
lupe,blando
lupe-,ablandarse (vi)
lu'sumb,collareja (ave)
luuch deeñi wej (T),hamaca
luuch icjsa,infanticida
luuch le'chcue,criatura
"luuch pijts, pitscuẽ, cuẽ",muchacho
"luuch u'y, wesacuẽ, wasacuẽ",muchacha
"luuch, luuch pijts, luuchcuẽ",niño
"luuch, luuch u'y, wasacuẽ",niña
luuchīi,niñez
luucu,loco
luucu vit-,enloquecer
luucu yuu-,enloquecerse
"luupe'j-, nuylupe-",ablandar
luus,arroz
maa,"cual, ¿cuál?"
maa yujva,ninguno
"maa, maava",alguien
maajũ,de donde
maava,"cualquier, cualquiera"
ma'c yuu...ma'c yuu,o...o
macjue,"cuanto (distancia), ¿cuánto?"
macue,"cuanto (cantidad), ¿cuánto?"
maltyis,martes
mama,mamá
mama lula,bisabuela
"mama wala, mama lula, neepenzh",abuela
manga,manga (corral para bestias)
manga,potrero
"manz, manzcuẽ","cuanto, ¿cuánto?"
"manzcuẽe, manz manz, nanzcuẽ","unos cuantos, pocos (pl)"
masaī-,amasar
masu,mazo
ma'wẽva,comoquiera
mdeegã,manteca
me'cy,hígado
"me'cy shũ, me'cy shwawa",pulmón
mee-,estar ausente
mee-,no
meechica,cucarachero (ave)
meeme,higuillo (árbol)
"meen..., nuu...",favor de…
"meen..., nuu...",por favor (imp)
"meerra', meerrava","o, ó"
meetjacue,lomo de machete
meetu'j,intestlno
meetu'j,tripa
mẽewẽjy,gallinazo (ave)
mell,viejo (usado)
mellisu,mellizo
mem,canción
mem-,cantar
me'm-,torcer (lazo)
mem ets,cancionero
men,hijo (menor de todos)
menz,cola
menzu-,fingir ser partidario de
menzũ-,andar atrás de
"menzucue, shita, ãnwẽse",avispa
mercau,mercado
meshish,hongo
mestlãa-,hacer brujerías
me'sucue,cilantro
micu,mico
micu,mono (animal)
mil,miel
milinu,molino
mish,gato
mish jamby,gato montés
mish pembẽe-,maullar
mituj umsã,alfarero
mityj,olla
mityj um-,fabricar vasijas de barro
mityj yuc,fondo de la olla
mjīi-,trabajar
mjīi ej,campo (de trabajo)
mjīi ej,finca
mjīi en,días hábiles
"mjīi, mjīini",trabajo
mjīisa,obrero
mjīisa,trabajador
"mjīte, mjīya, quīj yuupa'ga",por qué? (motivo)
molta ya'ja,jigra tejida con agujas grandes
msuu,por donde
"mtee, mcaa, mdyi i, msuu","adonde, ¿adonde?"
"mtee, mgaa","donde, adonde, ¿dónde?, ¿adonde?"
"mteeva, mtee mteeva",dondequiera
much,cortado
much,mocho
much,pantalones de liencillo
much yuu-,ensordecer
mujm,guadua
mum tuca,tarro de guadua
mum yu'cj,guadual
mush,menudo
mushclẽ,huarango (árbol)
mutcue,lulo
muts,"montón, montículo"
mutsu-,formar chupo
mutyi,mote
muuse'j-,desmenuzar
muushi'j-,dar cambio (dinero)
muutsu'j-,hacinar
"muutsu'j-, cluuvi'j-",amontonar
muuwe'sh,guambiano (indígena del Cauca)
muuwe'sh,"indígena guambiano (m,f)"
muvijty-,mudarse (a otra casa)
"-na,-n",a (indica el lugar a que se encamina)
naa,"este, esta, esto (pron.dem)"
"naa pa'ga, tyãa pa'ga, cyãa pa'ga",porque (causal)
naasã,sin embargo
namicu,"amigo (m,f)"
namicu yuu-,ser amigos
namicu yuu-,tener amistad
namu,dueño
nasa,gente
nasa,"indígena páez (m,f)"
nasa,"páez (gente) (m,f)"
nasa,persona
nasa cji'pju'j-,hacer concebir
nasa dyi'j,vereda
nasa icjsa,asesino
nasa icjsa,homicida
nasa iisa,todo el mundo
nasa ji'pj-,"estar embarazada, encinta"
nasa ji'pj neeyũu-,concebir
nasa ji'pja',encinta
nasa ji'pjsa,embarazada (encinta)
nasa lisa,cada persona
nasa u'pnimẽe quiwe,desierto
nasa we'wesa,gente (páez)
nasa we'wesa,persona que habla páez
nasa yuwe,idioma páez
nasa yuwe,páez (idioma)
nasate ãtsã'a-,parto
"nava, napa (T)",pero
na'wẽ,"como, ¿cómo?"
na'wẽ,"como, lo mismo que"
na'wẽ tjeng-,parecer
na'wẽ tjeng-,ser semejante a
"na'wẽ, na'wẽy",parecido
"na'wẽ, tya'wẽ, cyã'wẽ",así
nchi'c,hijo
nchi'c npaasa,hijastro
nchi'c ntjẽ'jsa,hijo mayor
nchi'c nuuchsa,hijo menor
ncuẽmiyũ,nuera
ncumale,consuegra
ncumbale,consuegro
ncuusa'j-,despojar
ncuutyi'j-,sacar sin permiso
nduj,yerno
"ndyiy, ndyi'sh",hermano (respecto a la hermana)
nee,todavía
neecaj-,hacer encargo
neej,mayor (él que manda)
neejyũj-,traer (a alguien)
"neenchi'c, iicjalu",ahijado
neeney yuju-,apadrinar
neeney yuju-,ser padrino
"neeniisa, iicjala",ahijada
neenjī'j yuju-,ser madrina
neesu-niipeetje-,contagiar
neeuu-,expulsar
neeúu-,ahuyentar
neevisha-,persuadir (rogar quedar)
neewe'we-,encomendar
neewe'weni,encomienda
neeyũu-,quedar (v.i )
ne'jue'sh qui'p-,nombrar gobernador
"ne'jue'sh, tutjensa (T)",gobernador (del resguardo)
nenga,sal
nenga cjash,sanco
nenga cuet,terrón (de sal)
nenga yu',caldo
nenga'j-,salar
nes,permanente
nes yuu-,permanecer
newe-,detener
newe-,retener
ney,padre
ney npaasa,padrastro
niimal,animal
niipeetje'j-,perjudicar
niipeetjesa,contagioso
niisa,hija
niisa npaasa,hijastra
niisa ntjẽ'jsa,hija mayor
niisa nuuchsa,hija menor
niishīi-(ñishi-),engordarse
nish,gordo
nish,pulpa
nish dej- (lit. pulpa duerme),entumirse
nivychach,mandadero
njī'j,madre
njī'j npaasa,madrastra
nmej,fin
nmej ente,día final
"nmej, nmejwe'sh",último
nmejte,al fin
nmejtewe'sh,postrero
nmi',esposo
nmi',marido
"nmi' ji'pjmeesa, imi'meesa",soltera
npach-,coger lo ajeno
npeefynicy-,trastear
npejcue-,herir con golpes (a un animal en ausencia del dueño)
npe'sh,hermana (respecto al hermano)
npiitstjẽ'j,jefe
npi'qui,persona que cohabita con otro
ntsu'm,cuñado (entre hombres)
ntsun,"nieto, nieta (m,f)"
ntsu'wa,"cuñada o cuñado (entre mujer y hombre)(m,f)"
ntundy-,beber lo ajeno
"ntundy-, nuutundy-",tomar (sin permiso)
ntyi'nsa,cuñada (entre mujeres)
nueve,nueve
nui-,agredir (a un indefenso)
nuqui-,pegarse a
nus,lluvia
"nus caapa'ja'j-, nus jyamby-",hacer llover
nus chjãchja-,arreciar (la lluvia)
"nus en, nus pa'ja en",invierno
"nus muse, nus wajwa, nus cu'ch",llovizna
"nus pa'j-, nus quīj-",llover
nus umbu'mbu-,lloviznar
nusũu-,hacer invierno
nũ'we-,comer lo ajeno
nuy i'nsa,líder (de un conjunto de flautistas)
nuybej-,hacer arder
"nuycãj-, nuycũj-",traer (desde abajo)
nuycase-,aliviar
nuycatyji-,sanar
nuychjãchja-,fortalecer
nuycjẽj-,rebajar (precio)
nuyfi'nze-,permitir pasar el día
nuyi'j-,guiar
nuyjyu'ja-,alargar
nuyle'chi-,achicar
nuyle'chi-,reducir
nuypa'j-,traer (llegando)
"nuype'j-, nuyfi'nze-",mantener
nuypejna-,hacer rendir más
nuypesa-,traer (a través)
nuype'te-,permitir amanecer
nuypusu-,permitir fermentar
nuyquite-,hacer florecer
"nuysẽj-, nuyquīj-",traer (desde arriba)
nuytandy-,"llevar (en procesión, alrededor de)"
"nuytape-, taape'j-",ensanchar
nuytejca-,subir
"nuytjẽ'j-, nuywala-",criar (hijos)
nuytuw-,acortar
nuyũuchi-,hacer mermar
nuyvitu-,acabar con
nuywala-,agrandar
nuywala-,ampliar
nuywejy-,endurecer
nuywe'we-,criticar
nvijt-,dejar
nwẽese'j-,hacer caso
nwẽese'j-,obedecer
nwẽese'jmẽe-,desobedecer
nwẽese'jmẽe-,hacer caso omiso
nwe'sh we'we-,tratarse como parientes
"nwe'sh, pwe'sh","pariente (m,f)"
nwe'we-,amparar
nwe'we-,defender
"nwe'we-, ewte nvijt-",salvar
nwe'wesa,defensor
nwe'wesa,salvador
nyacj,hermana (entre hombres)
nyacj,hermano (entre hombres)
"nyafīi, nyafiitey",al principio
nyafíia',antes
nyafiitey,anteriormente
"nyafyte luuch, ne'sh, ne'shtjẽ'j","primogénito (m,f)"
"nyafyte, cjuẽ'y, yatste",primero (de una serie)
nyafytewe'sh,primero
nyãja-,chuzar (en ausencia del dueño)
nyu,esposo
nyu ji'pjmeesa,soltero
"nyu neytjẽ'j, cajcatjẽ'j, ncaacatjẽ'j",suegro
"nyu njī'j, ntsuuts",suegra
nyuu yuuwa'jsa,novia
"ña ej, yã ej",yucal
"ña, yã",yuca
ñaña,desdentado
ñauñú,curuba (planta)
ñavytu'c,coral (culebra)
ñeese-,tener 'sensaciones' en el cuerpo
ñiñ acj-,germinar (trigo)
"ñiñ, ñiñcuẽ",pepita
ñujne,sala
ñun-,dar fruto
"ñun, ũ'nisa",fruta
ñunda alcu (T),zorro perro
"ñunda, yunda",pajonal
"ñunz, yujnz",aguja
ñu'py le'chcuẽ,agutí
ñu'py wala,guagua
ñu'py wala,paca (animal)
ñus cnay-,padecer (tristeza)
ñus pa'jni īcj,diluvio
ñus pīi-,escampar
ñus pu'ch-,condolerse
ñus wala,aguacero
ñus wejya dyi'j (lit. lluvia viento camino),tempestad
ñus we'we-,lamentar
ñus yajcy-,sentir triste
"ñus, yũs",triste
ñusha,caña de azúcar
ñusha,dulce
ñusha beca,chicha de caña
ñusha beca,guarapo
ñusha beca pus,guarapo (fermentado)
ñusha cja'ty,bagazo
ñusha cu'nd-,moler caña
ñusha ej,cañaduzal
ñusha mil,miel de caña
ñusha tel,trapiche de mano
ñusha'j-,endulzar
"ñusñus, yũsyũs",tristemente
ñuspa',agradable (a la vista)
ñuspa',apetecible
ñuspa',sabroso (a la vista)
ñusu-,afligirse
ñusu en,duelo
"ñusu en, ñuswa'ja'",tristeza
ñuty,moco
ñutyji-,moquear (v.i )
ñuwe,palo del telar
ocho,ocho
ora,hora
paaná-,negar
"paandee yat, pa'j yat",posada
paandeesa,huésped
paandej-,hospedarse
paandej-,pernoctar
paandewe-,pagar (deuda ajena)
paandlẽ,panderé (árbol)
paanducj-,entregar (haciendo un favor)
paanwe'we-,intervenir
paapẽjy-,consultar
paapẽjy-,preguntar
paapẽyni,pregunta
paatj,aparar
paatj-,"poner (freno, alpargatas)"
paatjeng-,cuidar de (en ausencia del dueño)
paatjeng-,vigilar
paatste,secretamente
paatsũu-,ocultarse
paatundy-,tomar (participar con otro)
pãatyjī'cj-,presentar queja
pãatyjī'cj-,quejarse (presentar queja)
paaũ'cj-,participar en la molienda
paau'j-,acompañar (ir voluntariamente)
"paaũ'ne-, paayũs-",compartir tristeza de otro
paaunu-,desconocer
paautyáa-,acercarse (voluntariamente)
paauu-,morir en lugar de otro
"paaũucjsa, paaũucjtjẽ'j",miedoso
"paaũucjsa, paayũucjsa",tímido
paaũ'we-,compartir comida de otro
paawe'we-,encargar
"paawe'weni, neecaawa'j",encargo
paaya'ducj-,entregarse voluntariamente
paayuu-,acompañar (venir voluntariamente)
paayũucjweete,timidez
pach-,coger (con las uñas)
pa'ch- (pã'ch-),cobijarse
"pach-, (rep) pachi'chi-",rasguñar
"pã'ch-, ya'pã'ch-",taparse
pachíi-,agarrar (con las uñas)
pachīi-,arañar
pa'chnisa,pañolón
pã'cj,sarapanga (semilla que vuelve a dar después de cosechado)
"pa'cj- (pã'cj-), pjulaī-",remendar
pacjẽ,trama (hilo horizontal del telar)
pacue-,buscar
"pa'cy-, (rep) pa'qui'cy-, puuts-, (rep) puutsuts-",servir comida
pa'ga,costo
pa'ga,precio
-pa'ga,por
pa'ga yuu-,ponerse caro
pa'gamẽe,barato
pa'gate,por (en lugar de)
"pagay- (pacay-), (rep) pagayu'yu-",mirar (hacia arriba)
pa'j,hasta (indica lugar)
"pa'j-, iipa'j-",llegar
pajnde-,quitar
"pajnde-, (rep) pandende-",zafar
pajnz,cuatro
pajnztewe'sh,cuarto
"pa'jwa'j, pa'jni",llegada
pajy-,ahuyentar (pájaros)
"pa'jya' yuj-, visitaī-",visitar
pa'jywe'we-,insinuar
pal,sacerdote
"pal, amo (T)",cura (sacerdote católico)
"paletũn, pleetũn (T)",barretón
palsin,barsino
pand,viga transversal
pand-,barrer
pang-,lastimarse
pangu,banca
panu'j-,hacer pan
pãpa-,pegar (con palo)
pã'pa,pulga
papa lul,bisabuelo
"papa-, pecue-, (rep) pecue'cue-",dar paliza
pa'pchu-,afanarse
pa'pchu-,procurar
pas-,comprometerse
pas-,contestar
pasiãa-,pasear
pastu,pasto
"patee-, atsjute-, jypajnde-, yaatsjunde-",zafarse
patj,canuto
"patste, patsu","derecha, a la derecha"
patsu cuse,mano derecha
patyji-,sancochar
patyu,patio
pa'ya-,llamar
payãa,papaya
Payaate ne'jue'sh,gobernador (del Depto. de Cauca)
paypwesa,juguetón
payu,bayo
payu pjeelu,bayo cariblanco
pcaaca,tío con sobrino o sobrina
-pcach,hasta (indica tiempo)
-pcachja',mientras
pcal,pecado
pcalsa,pecador (m.f)
pcamb-,regar (cosa molida)
pcamb-,urdir (preparar los hilos para tejer)
pcambnisa,urdimbre (hilos del telar)
pcaw-,derramar
pcha'cy,"parásito (bromeliácea, crece en los árboles)"
pchanga,pechanga (planta)
pchanga,"verbena, escoba babosa (planta)"
pchatj-,atrancar (atravesado)
"pchatj-, paand-",poner atravesado
pchī',mecha
pchī',pavesa
"pchī', ipy pchī'",chlspa
pchi'c,hijo con el padre o la madre
pchjī'chi-,lavar la cara
pcjaacje-,reunirse
"pcjaacje-, peecjacje-",juntarse
pcjaacjeni,reunión
pcjacj-,recoger
"pcjacj-, utya-",juntar
pcji'cj-,lavar (loza) (v.it)
pcyuu-,mal tratar
"pcyuu-, (recip) puuty ya'pcyuu-",agredir
pcyuuni,maltrato
pcyuusã,verdugo
pdeepits,amante (hombre)
pdeepits,fornicador
pdeeu'y,amante (mujer)
pdeeu'y,fornicadora
pdyi'pu-,encarar
pdyi'pu-,enfrentar
peãsh-,regar (granos)
pechcanu-,olvidar
pechcanuni,"olvido, olvidado"
pechu,pecho
pecue-,pegar
pecueni,paliza
pecu'j,alrededor
pecu'j-,andar de un lugar a otro
peecjicj-,alumbrar
peecupy-,metamorfosear
peecy tuty,postrado
peecy yat,hogar
"peecy, peecy jīi",propio
"peecytuty, pquipja, teecjẽe.",boca abajo
peefynicy-,trasladar
"peejini, jypeejini",necesidad
peejyũcue-,arrodillarse
peena,repetidamente
"peena-, (rep) peenana-",repetir
peenda-,disimular
peenda-,ocultar
peendu'j-,hacer rayas
peendyiqui,almohada
peequinze-,poner la mano encina de
pees-,obsequiar
"pees-, (rep) peesu's-",regalar
peescatyjí'-,promover un asunto
peesni,regalo
"peetam, ptam",pareja (macho y hembra)
peetenzu-,estar apretado
peetenzũ-,estrecharse
peetje-,condimentar
peetje-,dar sabor
peetjẽ,mejicano (planta)
peetjee-,penetrar
peetjengu-,espiar
peetjenisa,condimento
peets tyja',hoja de mejicano (planta)
peetsu'j-,adelgazar
peetsu'j-,rematar (un trabajo)
"peetsujts, ntsuuts",tía (hermana del papá)
peevisha-,rehusar dar o gastar
peeygãj-,compadecer
"peeygãmni, peeygãaweete, peeygãawa'j",amor
"peeyũucue, njī'yacue",tía (hermana de la mamá)
pej na-,abundar (v.i )
pejca,realmente
pejca,siempre (con seguridad)
pejca ewuu-,lograr
pejna-,rendir
pe'jna u'jsa,guía
pejnd-,nadar
"pe'jrra u'j-, jyũna u'j-",llevar
"pejtya-, (rep) petyaatya-",dar bofetada
pejy-,faltar (v.i )
"pejy-, jypeejy-",necesitar
"pejy-, jypejy-",hacer falta
pel,carrizo
pe'la,trozo
"pe'la, pe'lacue",pedazo
"pe'lande-, pe'ltende-",despedazar
"pe'lande-, pe'ltende-",partir (en pedazos)
"pe'late-, pe'ltete-",despedazarse
pelgatyi,alpargata
peltunaī-,perdonar
pelu-,despeñarse
"pelu-, (rep) peíuulu-",rodar (caer dando vueltas)
peluulu-,revolcarse
pemba- (pamba-),"acabar (comestible, medicina)"
pembasã,destructivo
pembẽe-,cacarear (gallina)
pembẽe-,chillar
pembẽe-,gemir
"pembẽe-, tũchj-",quejarse (emitir quejidos)
"pembẽe-, ũ'ne-",aullar
peme'j-,curar olla
pend,raya
penda-,sepultar
pendãa-,enterrar
pendani,tumba
pendani cafy,sepulcro
penzh,anciana
"penzh, penzhcuẽ",vieja
"penzhīi-, tjẽ'je-",envejecerse (mujer)
peñacjẽ,barranco
pe'pe,cerebro
pe'pe,seso
pepy,robusto
"pesa'j, jypeesa'j",a través
pesaja-,pasar (desplazarse)
pesatj,atravesado
pesatj,horizontal
pesatj jyu'j,longitud
"pesay-, (rep) pesayu'yu-",mirar (al otro lado)
pescal,fiscal
pesu,peso (moneda)
peswẽe,ladrón
"peswẽe-, tse'- (J)",robar
pete,usado
pe'te-,amanecer
pẽ'tje-,pender (v.i )
pẽ'tjñi (T),trocha
pẽ'ts,sudor
"petsate-, petstende-, petstete-",hacer pedazos
pe'tse-,mascar
pe'tse-,masticar
petsete-,hender
petsjate-,astillarse
"pẽtsju-, (rep) pẽtsjutsju-",rajar
pẽ'tsjutsj-,rociar
pẽ'tsu-,sudar
pety,inclusive
pẽty,garganta
"pety cuet, ipy cutyi'jni cuet",pedernal
pẽty shiwa,bocio
pẽty shiwa,coto (bocio)
petya-,pegar (con la nano)
petyi'j-,sacar muesca
pẽtyj-,tumbar
"pẽtyj se'seni, pẽtyj apjani, pẽtyj ujndy",ronco
pẽtyj watse,vena yugular
pẽw-,bañarse
pẽyni,pedido
pica,pico (herramienta para cavar)
picas,viga
pichga,anguilla (ave)
pi'cy yat,casa de la minga
"pi'cy-, (rep) pi'qui'cy-, jypi'cy-",invitar
"pi'cy-, jypi'cy-",convidar
pi'cyna u'j-,acompañar
"pi'cyna u'jusa, paau'jsa","acompañante (m,f)"
piicje,matón
piinãa,pepino
piisa-,tallar
piisani,dibujo
piisanisa,imagen
piishã,oveja
piisha cjas waca-,esquilar
piishãa cyuupjni,corral (de ovejas)
piishãa tjengsa,pastor
pīitsju-,sonarse las narices
pijts,macho
"pil, chinda pil",canilla
"pil, pil tuty, chinda tuty",pantorrilla
pinzh,picadura (caries)
pinzh,roble
pinzhi'j,hacer muescas
pinzú,aliso (árbol)
pi'py,paja brava (planta)
"pi'py , pi'pi",junco (planta)
pi'pyshavy,"indígena pijao (m,f)"
pi'pyshavy,Pijao (tribu indígena)
pi'qui,"compañero (m,f)"
"pi'sh, cpi'sh, amwe'sh, ipywe'sh, ẽegatjẽ'j",rayo
pisũn,pisón (para desgranar trigo)
pits pyacj,concuñado
pitstacy,joven (hombre)
pitstacy,varón (joven)
pitstjẽ'j,hombre
pitstjẽ'j,varón
piun,peón
piyãa-,aprender
"pjaate-, pjaatete-",henderse
pjach-,empapar
pjãja-,toser
pjande-,abrir
pjande-,destapar
pjanden i,abierto (p. p)
pjate-,abrirse
pjaterra u'p-,estar abierto
pjeelu,careto
pjeu'j-,alistar
pjeu'j-,arreglar
pjeu'j-,componer
pjeu'j-,preparar
pjiw-,encontrar (algo que otro ha perdido)
pjupj-,proteger
pju'se'j-,renovar
plaaī-,pilar
plaaīi-,cocer maíz con ceniza
planchaī-,planchar
pland ej,platanal
pland pjapj,racimo (de plátano)
pland sinzha,cincho (del plátano)
"pland, tlu (T)",plátano
playni,pilado (maíz sin cáscara)
pleecu'c,soledad (ave)
plenu,freno
pllana',ácido
pnaasa,sombra de una persona
pney,padre con hijo u hija
pniisa,hija con el padre o la madre
pnjī‘j,madre con hijo u hija
pnjī'yacue,tía con sobrino o sobrina
pquīij-,producir
"pquiivy-, yu'a-, yu'wa-",derretirse
pqui'j-,emprestar
pqui'j-,prestar
pqui'se- (T),morder (culebra)
pqui'ta- (fyqui'ta-),encender
pqui'tanisa,lámpara
"preesu, jytundsa",preso
preesu'j-,tomar preso
"primo, pucacje nyacj","primo, prima (m,f)"
psha'nd-,abrazar
pshiica,risueño
pshiindy-,llorar (por la mamá)
pshi'nd-,burlar (imitando)
pshu,sombra
pshũ'jũ'-,sombrear
"pshũ'ju-, caapshũ'j u'j-",causar sombra
psuw-,malgastar
pta'nz,contaminación
pta'nz,mugre
pta'nza'j-,contaminar
pta'sh-,anunciar
pta'sh-,informar
"pta'sh-, vijya-",señalar
"pta'sh-, yuwe pta'sh-, pta'shi'sh-",avisar
pta'shni,anuncio
pteenz,estrecho
pteenzũu-,apretarse
ptenzũu,tijeras
ptjãawe-,hacer daño a una persona
ptjuc-,apretar
ptjũuse-,sonar
ptsu-,acabarse (v.i )
ptsun,abuelo o abuela con nieto o nieta
ptsuuts,tía con sobrino o sobrina
ptsuwa'jsamẽe,eterno
ptyijnde-,cruzarse en el camino
ptyinde-,quitar tiempo
ptyute-,bifurcarse
puca,mostacilla
puca-,lado
pucacuet,cachete
pucacuet,mejilla
pucate,a un lado de
"pucate, pucasu, ju'ng",al lado de
"pu'chj-, (rep) pu'chji'ch-",ayudar
"pu'chj-, pu'chji'ch-",colaborar
pu'chni,ayuda
pu'chsa,ayudante
pucy,cuesta
pucy,pendiente (subida)
pucy,subida
pucycjẽ,cuesta abajo
pucyte,cuesta arriba
puii-,pelear
puii-jypacuesa (lit. busca-pelear),"pleitista (m,f)"
puiini,pleito
puīini,pelea
puiisã,peleador
puiiwe'we-,argumentar
pujmb-,arrojar
pujnde-,ofrendar (al arco)
pujnza-,llevar terciado
"pujnza-, jypunza-",terciar
pu'jycjẽw-,encontrarse con otro que viene de rumbo opuesto y pasar
pullu,tamal
pumba'j-,cavar cámara lateral para enterrar
pumba'jni,cámara lateral para enterrar
"pume-, pus-, tende-",tender
pund-,hilar
pundúu,lezna
punga,vómito
"punga-, (rep) punga'nga-",vomitar
punza,esquina
punza cafy,sobaco (axila)
pu'nze'j-,dar sombra
pu'nze'j-(lit. dar sombra),servir como padrinos
"pũpy-, yuutya-",unir
"pu'quis-, (rep) pu'quisu's-",alzar (a otro con la mano)
pu'quitj-,plantarse
pu'quitjẽe-,apoyarse
pus,fermentado
pus-,agriarse
pũsh-,esparcir
"pũsh-, pujmb-, (rep) pumbuumbu-",regar
pusni,tendido
pusúu-,fermentar
putãa-,oler
putasã,olor
pu'tata-,golpear (en la puerta)
putatyjã',hierbabuena
"putj-, (rep) putja’tja-",soplar
pu'tjeng,"encontrar (a otra persona, que viene del rumbo opuesto)"
puts,orilla
puts-,al borde de
putste,"borde, al borde de"
putsu,alfiler
putsu,gancho (para asegurar blusa)
puuple,pobre
puuple yuu-,empobrecerse
puuquiwe-,emprender
puutejca-,aventajar
"puuts-, (rep) puutsuts-, sãjī",dar de comer
"puuts-, sã'ji-",alimentar
puuty,recíprocamente
puuty ijca-,chocar con
puuty pdyi'p,cara a cara
puuty puii-,pelear (mutuamente)
puuty pyũuscue-,rabiarse (mutuamente)
puuty tyutẽe-,despedirse
puuty ũuscha-,enojarse (mutuamente)
puuty uy-,encontrarse
puuty we'we,ponerse de acuerdo
puuty we'we-,acordar
puuty we'we-,conversar
puuty we'we-,platicar
puuty we'weni,plática
puuty yaatse-,odiar mutuamente
puuty ya'peeygãj-,amarse mutuamente
puuty ya'peltunaī-,perdonar (mutuamente)
puuty ya'selpii-,servir mutuamente
puuty ya'tywey-,vender (unos a otros)
pu'uwe-,apañar
pu'vitu-,perder de vista
pũ'we,comilón
"pũ'we, ũ'shic",glotón
pu'yacj-,reemplazar (en su cargo)
pu'yacjsa,reemplazo
pwa',cobertizo
pweesa'j-,jugar
"pwel, ã'sh",mafafa (planta)
pyacj,hermana con hermana
pyacj,hermano con hermano
pyaj tse-,aborrecer (aversión a la comida)
"pyãjn, puuvyãjn",mitad
pyãjte,"centro, en el centro de"
pyajtse-,dar asco
pyajtse-,desagradar
pyãjũy,por la mitad
"pytjaa pang-, aca cnay-",sufrir dolor
pytjaa yajcy-,sentir pesar
"pytjaa yuu-, pa'ga yuu-",sufrir
pyũuscue-,dar rabia
pyũuscue-,rabiarse
pyũuscue yaacyni,"rencor, resentimiento"
quẽese'j-,agitar
quẽese'j-,mover
que'shi'j-,dar hipo
qui' ītyī vit-,resucitar
qui' ītyī yuu-,resucitar
quichja'j-,causar agriera
quiica'j-,hacer golpear
quiicje'j-,mandar matar
quiis-,alzar
quiis-,levantar
quiisa'j,hacer medir (v.t.)
quiisa'j-,hacer contar
quiisa'j-,hacer probar
quiitẽe-,levantarse
quiitj,vertical
quīitsju-,inclinar (la cabeza)
quiiyu'j-,dejar escapar
quīj,"que, ¿qué?"
quīj-,bajar (desde arriba)
quīj-,descender
quīj yujva,nada (pron.indef)
quījva,algo
"quijya, pe'ya",sobra
quijyãa-,sobrar
"quijyasã, neeyũusã",residuo
quim,"quien, ¿quién?"
quīm yujva,nadie (pron.indef)
quima,nigua
quimbe'je'j-,hacer señas
"quimva, maava",quienquiera
qui'na,caída de agua
qui'na,chorro
"qui'na, qui'na wala",salto de agua
quind,peine
quind-,peinar
quindqui'cj-,fruncir las cejas
qui'p-,nombrar (a un puesto)
qui'p-,poner
"qui'quin, qui'",otra vez
quis-,quitar (mover de su lugar)
qui's-,"guardar dieta, o día de fiesta"
qui'sen,domingo
quishcue,cachorro
"quishi-, puuty ya'cviisha'j",consolarse
qui'spyãj,mitad de semana
qui'spyãj (lit. mitad de semana) (f),miércoles
quisu,queso
qui'su,semana
qui'sute,semanalmente
quita,macana (parte del telar)
quite,flor
quite ej,jardín
quitẽe-,florecer
quitj-,clavar (estaca)
qui'tj,diente
quītj,maní
qui'tj caacutyi'j,hacer extraer muela
qui'tj cutyi'j-,extraer (muela)
quītj ej,sembrado de maní
quītj ej,sembrado de maní
qui'tj wala,muela
quitje-,inclinarse (humillado)
quitje'tje-,cabecear (con sueño)
qui'tjtyi csuusu'j-,crujir los dientes
quits,quebrada
"quityáa-, (rep) quitya'tya-",agacharse
quityj i'tyji-,caer una gotera
quityji-,echar gotas
quityji'tyji-,poner gotas
quiwe,suelo
quiwe,terreno
quiwe,tierra
quiwe cuchi,pecarí
quiwe cuet,terrón
quiwe ẽse-,temblar (tierra)
"quiwe ẽse-, ejnd u'j-",haber temblor
quiwe jyuca,mundo
quiwe mityj,olla de barro
quiwe pwa',cobertizo (de tierra)
quiwe pwa',hueco
quiwe tujnd,polvo (del camino)
"quiwe tumb, yu'cj tumb",torcaz
quiwe yase,apellido
quiwe yuwe,asunto de terreno
quiwe yuwe,asunto de terrenos
quiwendawa,centella (planta)
qul'na-,chorrear (caída de agua)
respetaī-,respetar
-rrãa,solo
"-rrãa,-rrarrãa","solamente, sólo"
"-rrava,-teva",aunque (conj.advers)
"sa‘, atsa'",y
saapajcy-,caerse
saatill,zarco (ojos verdes)
sacue,palo del telar (sostiene el ñuwe)
"sa'j-, jysa'j-",desmontar
"sa'j-, jysa'j-, iisa'j-",bajarse
"sajcue-, (rep) sacueecue-",sacudir
sangistan,sacristán
sap,sapo
sap le'chcue,rana
sápatu,sábado
sapete,guala (ave)
sa't,cacique indígena
sa'te,cucaracha
"scatyjī'j-, peescatyjīj-",atizar (la candela)
"scjẽwsa, scjẽwwa'jsa",pasajero
scuba,escoba
scuela,escuela
scuupy-,mudar la piel (culebra)
scuutyj,trigo
scuutyj ej,trigal
scuutyj shũsh-,restregar
sec cãani,este (oriente)
sec cãani,"oriente, este"
sec cãj-,salir el sol
sec cãjatste,salida del sol
sec cjẽeni,"occidente, oeste"
sec cjẽeni,poniente
sec cjẽj-,ocultarse (el sol)
sec cjẽj-,ponerse el sol
sec cjẽjetste,puesto del sol
"sec uu-, sec shi'ndy-",haber eclipse de sol
"sec, tacycue (J)",sol
secũu,hacer sol
"secũu-, ejnz yuu-",hacer verano
seelpimeesa,inútil
seelpisa,útil
seena',terrible
seena' wala,muchísimo
sẽj-,bajar
se'j- (sẽ'j-),fingir
"sẽ'j , cwẽesẽ'j",barbasco
sejẽw-,pasar hacia abajo
sela,laurel de cera (árbol)
selpīi-,ser ti'
selpīi-,servir
selpisã,siervo
sembu'j-,plegar
"sende cuvy, tsjende cuvy",flauta (de palos verticales)
sende'nde-,enfilarse
sendy-,mezquinar (rehusar dar)
sendy yuu-,volverse mezquino
sepu,sebo
setlu,cedro
se'w-,insertar
"sgajnde-, (rep) spandende-",templar
shãacãj,calambre
shãacãj u'j-,dar calambre
"shaacue we'we-, pjay we'we-",bromear
shaacue yase,apodo
shaacue'j-,abonar (echar abono a la tierra)
shacue,abono
"sha'cy, cha'cy, yu'sha'cy",lama (planta acuática)
shal,teñidero (árbol)
sha'lul,seca (infarto de una glándula)
shamb,ombligo
"shamb wala, chjamb wala",ciudad
shamb wes,cordón umbilical
"shamb, chjamb",caserío
"shamb, chjamb",pueblo
"shamb, chjamb, chjambcuẽ",poblado
shambũu-,congregarse
shande,tusilla (planta)
shape,caracol
"shapijnde- (shpijnde-), (rep) shpindende-",desgajar
shã'py-,echar ranas
shã'py-,tener vástago
"shã'py, chjã'py",horqueta
sha'sh tu‘j,maguey (planta)
shã'shtu'j,tallo de flor de cabuya
shate-,despedazarse
shatẽe-,fallecer uno de la familia
shavy- (chjavy-),quemarse
shã'wẽ,lombriz
shã'wẽ yu'tse,vermífugo
shawend-,volver
"shawend-, (rep) shawendu'ndu-",regresar
shba'mb,carne espumosa
shbu,uvillo (planta)
"shcajnde- (chcajnde-), (rep) shcandende- (chcandende-)",fracturar
"shcate- (chcate-), (rep) shcate'te-",fracturar
shic,cardo
"shic, shictjẽ'j",áspero
shicani,risa
shiina' yuu-,erizarse
shiing-,sentir incapaz
shiingmẽe,confiadamente
shī'j,león
"shijca-, (rep) shicaaca-",reír
shimb,maíz tierno
shimb dyi'tj,tallo de maíz
shimb ej,maizal (nacido)
shi'nd-,imitar
shi'nd-,remedar
"shinde-, (rep) shinde'nde-",erizar
shi'ndy- (chji'ndy-),anochecer
"shi'ndy- (chji'ndy-), nuychji'ndy-",obscurecer
"shi'ndy wala, chji'ndy wala",obscuridad
"shindy, chjindy",llorón
"shi'ndy, chji'ndy",abeja
"shi'ndy, chji'ndy",obscuro
"shi'ndy, chji'ndy",tinieblas
shindyīi-,ser llorón
shish,grieta
shish,rendija
"shish-, (rep) shishi'shi-",rajarse
shita,armadillo
shi'ta-,humear
shitãa-,bramar
shlaapũn,eslabón
shlala,granadino
shlala,pinto
shna'na,baba
shpiipī,pisco (ave)
shpite-,desgajarse
shquiicy,chlcao (ave amarilla)
shquitya- (chquitya-),añadir
shũ,simple (comida sin sal ni azúcar)
shũcy,molleja
shuma,ardilla
shumãa-,volverse pardo
shunde-,cosechar (maíz)
shũpy,choclo cocido
shũsh-,fregar
shũsh-,frotar
shũsh-,ungir
shũ'sh,crespo
shũ'sh-,arrugar
"shũ'tete-, shũ'wete-",desgarrarse
shũu,desabrido
shũu,soso
shũu cjash,mazamorra sin dulce
shũucãj-,perder sabor
shũucuet,piedra (de afilar)
"shũulape, shuulepja, shũuwa'c, shũuwe'tj, shũuyu'tscavy",yerba medicinal
shuuna' me'p!,silencio!
"shuuna' ũs-, shuuna' u'p-",estar callado
"shuuna' ũs-, shuuna' yuu-",guardar silencio
shuuna' vit-,callar
"shuuna' vit-, shuuna' nvijt-",hacer callar
shuuna' yuu-,callarse
"shuuna', viina'",callado
"shũ'wende-, shũ'tende-",desgarrar
shũwe'tj,escancel (planta medicinal)
shwa',cidrayota (planta)
"shwendũu-, (rep) shwendu'ndu-",menear
shwi'la,ulluco
siete,siete
silli,carrizo
sinzha-,cinchar
siyula cna'sa,señorita (de raza blanca)
"siyula, u'sha",señora (de raza blanca)
"sla'tyi-, syu'tje-",resbalar
slenu,sereno
sllimum,carrizo de guadua
slluj,chlguaco (ave)
slun,zurrón
"smacja, sñuñu",maraca
smala,zamarro
"smejme, tsmejme",mariposa
smeme quits,paraje de mariposas
"snda'nda-, sndaanda-",sonar (ruido de cascabel)
"snene, sneene",transparente
sñal,cicatriz
sñal qui'p-,marcar
sñula-,salir mazorcas
soldau,sol dado
spãash-,descargar
spaatu,zapato
spaatu ji'pjmẽe,descalzo
spajcy-,bajar
spajcy-,descargar
spajndspajnde,templado (freno)
spãpã,esponjarse
spate-,encogerse
spat-spate,encogido
spay-,mirar a lo lejos
speeju,espejo
"spẽ'tj-, (rep) spẽ'tje'tj-",cortar
spiina',pegajoso
spiina'sa,brea
spjamb-,despajar
spulla,cebolla
"spund-, tspund-",torcer
"squii-, (rep) squiiyu'yu-",mirar (hacia abajo)
squijw-,verter
squijw tuca,calabazo (para guarapo)
"stela, mastela (T)",estera
"stende-, (rep) stendende-",rasgar
"styãanisa, maasu",manso
styaj-,acostumbrarse
styãj-,amañarse
-su,por (a través)
"sũcj-, (rep) sũcja'cja'",sobar (componer un hueso dislocado)
suerte caaj-,echar suertes
sũj-,creer (suponer)
sũj-,suponer
sultyjica,anillo
sultyjica,sortija
sulu,zorro
"sund (tsund-), quityji-",gotear
"sunde-, (rep) sundeende-, sunde'nde-",romper
"sunde-, (rep) sundende-",rasgar
sũpy,desnudo
sũpy-,desnudarse
"sũpy, tupy",pelado
sus,duro
sus,recio
su's,orina
sus lẽei-,leer en voz alta
sus we'we-,en voz alta
susmẽe we'we-,cuchichear
susmẽe we'we-,en voz baja
susmẽe we'we-,hablar en voz baja
"susmẽe we'we-, we'wewe-",murmurar
susni,ruido
su'stu'j,vejiga
susu-,sonar
su'su-,orinar
susũu-,chorrear
"sute-, (rep) sute'te-",reventar
"sute-, (rep) sute'te-",romperse
suteni,roto
sũtj-,esconder
suty- (sũty-),rayar
suucal,azúcar
sũupi'j-,desnudar
"sũupi'j-, tũupi'j-",desvestir
suw-,dañar
"suw-, pemba-",destruir
suwẽe-,dañarse
suwẽe-,descomponerse
swejnde-,agujerear
swejnde-,taladrar
"swejnde-, (rep) swendende-",perforar
swẽtj-,patear
syaalu'j-,poner marca
taachin yuu-,disfrazar
taacy wendy,renacuajo
taafiy,ánima (espíritu de difunto)
taafiy,espíritu de difunto
tãapj,neblina
tãapj,nube
tãapjũu-,anublarse
tãapjũu-,nublarse
"tacj-, pũ'tyj-",comenzar
"tacj-, pũ'tyj-",empezar
tajcy,animal domesticado
"tajta, tajtatey",a menudo
tajts,cinco
tajtstewe'sh,quinto
"tall (persona), zunz, zunzcuẽ (cosa)",delgado
"tall, īchj",flaco
"talli-, īchj-",enflaquecerse
tamby,bulto
tamby,costado
tamby,costilla
ta'nda,cucarrón (insecto)
ta'nda,escarabajo
tandy-,dar vuelta (a una cosa)
"tandy, jyand",redondo
tandyīi-,girar
tandyīi-,rodar
ta'ngu,"curva (vuelta, recodo)"
ta'ngu,vuelta (recodo del canino)
"ta'ñi-, jyta'ñi-, pil ẽse-",sentir 'señas' (brujo)
tape,ancho
tapla,tabla
taqui'j-,criar (animales)
taqui'ni tumb,paloma domesticada
taqui'nisa,domesticado
tasa,taza
tash,mata
tãsh,calcañar
tã'sh,tronco (de árbol)
tashte,delante de
"tashu, cjẽcjenaaju",abajo
tata,papá
"tata wala, papa luí, niish, īishi",abuelo
tatawe'sh,padres (padre y madre)
ta'ts,torcido
ta'ts-,torcerse
ta'tsu'j-,"torcer, ponerse torcido"
taty,arco
taul,ataúd
taw,chumbe
taw,faja
taw tel,telar (para tejer chumbe)
tcafy,desfiladero
tcu'nz,pacunga (planta)
"-te,-ca,-ga",en
tech-,lamer
tecj,tres
tecj us,tres veces
tecja,teja
tecjtewe'sh,tercero
tee jwend,directamente
teech,uno
teech ajte,en un lugar
teech teech,uno por uno
"teechcue, cujmẽe",poco
teega wee,enfermedad contagiosa
teelu'j-,poner en el cepo o horqueta
teepjute-,dar volteretas
teesacy,seis
tejca-,ascender
tejca-,trepar
"tejca-, iitejca-, iictejca-",subir
tel,cepo
"tishi-, yuju-",ponerse de pie
tjaacue-,sobrar
"tjaacue, jytjaacue",más
"tjãasnl, jytjãasni",deseo
tjacue,grave
tjacue,peor
tjacuee-,ponerse grave
tjã'j,cerro
"tja'j vits, vits wala",cumbre
tjã'mbush,coronilla
tjame-,avergonzarse
tjame-,tener vergüenza
"tjame yuj , tjaampa', paytjame'",vergonzoso
tjamejy,penoso
"tjãs-, pẽjy-, pe'w-",pedir
tjã'tja-,roncar
tjee,calabacita
tjẽeyũu-,durar
tjẽ'j,anciano
tjẽ'j,jecho (maduro)
"tjẽ'j, tjẽ'cjuẽ","viejo (m,f)"
tjẽ'jsa,"adulto (m,f)"
"tjẽ'jsa, ntjẽ'jsa",mayor (que tiene más edad)
tjẽ'jsawe'sh,mayores (superiores)
tjeng-,cuidar
"tjeng-, (rep) tjengu'ngu-",mirar
tjetj-,lavar (ropa)
tjetjẽe,apisonar
tjẽy,difícil
tjẽymẽe,fácil
tjẽysa,dificultad
tjẽyte ñuste fi'nze-,tener dificultades
"tjẽyte ũs-, tjẽyte u'p-",estar ocupado
"tjẽyte ũs-, tjẽyte ũ'p-","ocupado, estar ocupado"
"tjeytemẽe ũs-, tjẽytemẽe u'p-",estar desocupado
tjuc-,estrangular
"tjuja-, (rep) tjuja'ja-",ladear (torcer hacia un lado)
tjujarra ũs-,estar desnivelado
tjune,lengua
tjuse,chamiza
tjutj,tupido
tjutjũu-,ponerse tupido
tjuw,"erizo, puerco espín"
tjũ'we,oreja
tjũ'wẽ cafy,oído
tjũ'wẽ chica,cerumen (cerilla de los oídos)
"tjũwẽ much, much",sordo
tjũ'wẽ ya'qui,arete
tjũ'wẽ's catj tyaj-,parar las orejas
tmbi'ch,alchucha (planta)
tpand,rollo
tpand-,arremangar
tpand-,arrollar
tpejng-,doblar
tsalli-,"volver claro, aclarar (líquido)"
tsalli'll,gavilán
tsam,hierro
tsam,metal
tsam tut-sa,herrero
tsam ucje,malla (de alambre)
tsam wes,alambre
tsejctsejc,color claro
tsep,planchudo
tsẽy,azul
tsẽy,verde
tsẽytsẽy chijme,azul claro
tsinz,espalda
tsinz dyi'tj,espina dorsal
tsinz zec,columna vertebral
tsinzuj,de espaldas
tsiun,mora
tsiun,zarzamora
tsja'ya-,extender los brazos
tsjende-,atar palos verticales
tsjīts um-,empajar
tsjītsj,paja
tsjītsj menz (lit. cola de la paja),cabo (de la paja)
tsjītsj yat,choza
tsjũtsj,espina
tsñiñi-,retiñir
tsund,gotera
tsunde,ciruela silvestre
tsundefy,martingalvis (árbol)
tsunz,sapo pequeño
tsut,choclo
tsut-,"dar fruto (trigo, maíz)"
tsut ej,maizal (en choclo)
tsut pullu,tamal de choclo
tsũ'ta,trenza de cabuya (para cargar leña)
tsute,encenillo (árbol)
tsuvy-,columpiar
tsu'vy,hinchazón
tsu'vy-,hincharse
tsũvy,dormilón (ave nocturna)
tsu'vy wee,hidropesía
"tswend-, (rep) tswendu'ndu-",retorcer
tswendu'ndu-,voltear la cabeza
tu' vi-,opacar (v. i)
tu'c-,inflamarse
tuca,calabazo
tuca,totuma
"tu'ca-, (rep) tu'caca-, tucaaca-. pu'tata-",tocar (la puerta)
"tucha'cy, cha'cy",cuchara
"tũchj-, (rep) tũchji'chji-",gemir
"tũchjãa-, (rep) tũchji'chji-",pujar
tucj,pus
tucjãa-,supurar
tu'ctu'c we'we-,en voz entrecortada
"tucũ, chī'ch",torcaz pequeño
tu'fy-,eructar  (v. i)
"tu'j, cuetand tu'j",poporo
tujca-,tocar (un instrumento)
"tujme, tsẽytsẽy tujme, tujmetujme",gris
"tujme, tũjme, cjũchcjũchdyi'",pardo
tujmete,en seco
tujnd-,cesar (calcarse el viento)
"tujnd, tujndtujnd",despacio
tujndtujnd,poco a poco
tulu,toro
tulu'j-,cercar (hortaliza)
tumb,paloma
tumb luuch,pichón (ave)
tumb ucje,malla (para coger pájaros)
tund,atado
tund,ligero
tund,manojo
tund-,atar
"tund-, (rep) tundund-",amarrar
"tund, dund",rápido
tundte,rato
tundũu-,apurarse
tundy-,tomar (beber)
tundy- (tungy-),beber
tuñ,encorvado
tuñi-,encorvarse
tupa,araña
tupapwejy,telaraña
"tũpil, ultũpy",ciempiés
"tupinde-, dyindy-",raspar
tupite-,hacerse mataduras
"tupj , le'le",húmedo
tupjãa-,humedecer
tupy,revés
tupy-,ladear
tupy-,pelar
tupy-,voltear
"turuc, buruc",toromonte (ave)
tu's-,acarrear
tu's- (tũ's-),cargar
"tu's-, tũ's-",llevar (carga)
tut,embotado
tut,puño
tut-,embotar
tut-,picar (cortar a pedacitos)
tũt,mugido
tuta',tuétano
tutje-,"levantar fama, crear fama"
tũts,chamón (ave)
"tũtsa, tsute wala",muela del juicio
tutu'tu-,canturrear
tutũu-,roer
"tũtũu-, pembẽe-",mugir (vaca)
tuty,barriga
tuty,estómago
tuty,panza
tuty jya'ndy-,partear
"tuty jya'ndysa, nasa spaacysa",partera
tuty letya,abdomen
"tutyj, tutyj dyiite",vientre
tutyte nasa u'pni,matriz
tuu-,emborracharse
tũu,borrachera
tũupi'j-,limpiar maleza
tuupja'j-,remojar
tũusã,borracho
tũusã,"tomado (ebrio, borracho)"
tuutje'j-,alabar
tuutje'j-,honrar
tuutje'jni,fama
tuw,corto
tuya,enrazada (animal)
tuya,preñada
twaatsec,cafeto (árbol)
"twajca-, (rep) twaaca'ca-",trozar
twẽeji-,charlar
"tyaa, yacj, cyaa, yacj",consigo
tyãawe'sh,"ellos, ellas (pron.pers.pl)"
"tyãawe'sh, cyãawe'sh","su, sus (de ellos, ellas)"
tyac,llano
tyach,hace mucho tiempo
tyach,hace tiempo
tyachmẽe,hace poco
tyachmẽe,hace poco tiempo
tyachwe'sh,viejo (no reciente)
tyacjuey,tamaño
"tyacue, nacue","tanto, tan"
tyaj-,construir (v.t.)
tyaj-,poner (edificar)
"tyajũ', cyajũ'",entonces
"tyajy, cyajy","su, sus (de él, ella) (pron.pos)"
"tyanzue, manzcue",tanto
"tyã'wẽy, cyã'wẽy",asimismo
tyic-,hartarse
tyic-,saciar
"tyiclli, atall ech",tigrillo
tyiityi'j-,hacer barro
tyity,barro
tyity ambu-,embarrar
tyity wala,ciénaga
tyity wala,pantano
tyjã',col
tyjã',repollo
tyjẽ'en,viernes
tyjicj,cuello
tyjicj,pescuezo
"tyjicj dyi'tj, tyjicj shbimby",nuca
"tyjicj luí, pẽty luí, pẽty luwa",nuez de la garganta
tyji'mb,agrio
tyjīte,arrayán
tyjityj,grueso (pelo)
tyjityj-,escoger
tyjityjnisa,escogido
"tylty, tyity le'le",lodo
"tymi, tywī",tusa (de aaíz)
tyuj,gorrión (ave)
tyujnde-,apartar
tyujnde-,dividir
"tyujnde-, (rep) tyundende-",repartir
tyundende-,distribuir
tyute-,separarse
tyutẽe-,alejarse
tyutẽe-,apartarse
"tyu'tende-, tyu'ndende-",repartir
tywete-,soltar
tyweteni,suelto
"tywe'we-, yu'cywe'we-",persuadir
tywey- (cywey- T),vender
tyweyni,vendido
tyweysá,vendedor
tyweywa'j,venta
ũ',comida
ũ'-,comer
ũ-,alimento
ũ' jyaw yat,granero
ũ' pcjacj-,cosechar
"u'ca-, ne'ca-",entrar
ucalitu,eucalipto (árbol)
u'cani,entrada
ucapajcy-,rempujar
ũch-,defecar
ũchi'ch wee,diarrea
ũchja-,apagarse
ũ'cj-,moler
ũ'cj cuet,piedra (de moler)
ucje,malla
ucje,red
ucje-,espinarse
ucje'j-,culpar
ũ'cjni,molido
ucue,plano
ũ'cue jīi,mí a (adj. pos)
ucue quiwe,valle
ucue wala,sabana
"ufy-, (rep) ufyjiifi-",chiflar
uj,águila
u'j-,"ir, irse (v .i)"
u'j-,"seguir, continuar"
u'j u-,caminar
ujca-,derribar
ujca-,trillar
"ujca-, (rep) uca'ca-",pegar (maltratar a golpes)
"ujca-, ijca, (rep) uca'ca-, iica'ca-",golpear
"ujcha-, pjate-, pjatete-",rajarse
"ujnd-, (rep) unduund-",quebrar
ujnde-,"cosechar (fríjol, café)"
ujndy,seco
ujndy-,agotarse
ujndy-,secarse
ujne,hongo
"ujnza, ulu'j",ratón
ũjpa-,estallar
ũjpa-,tirar (disparar un arma de fuego)
"u'jsa, u'jwa'jsa",viajero
ũjt-,mojarse
ujtse,aguacate
u'ju-,andar
"ujua-, (rep) uja'ja-",sembrar
"u'jwa'j, u'jni",ida
ul,bobo
ul,culebra
ul weeswẽe,víbora
ulchic,urraca (ave)
ulñi'ñ,curíbano (planta)
ulu'j-,"fiar, pedir fiado"
"ulu'j-, yuulu-",deber (tener deuda)
um-,tejer
umbu-,derramarse
umbu-,derrumbarse
umnisa,tejido
umsã,tejedor
"ũ'nacjẽ, jũ'nacjẽ",anteayer
undy wee,"tuberculosis, tisis"
ũ'ne-,llorar
ũ'ne pety cjacj,llanto
une tash,mata de hongo
ũ'nisa,comestible
unza wala,rata
u'p-,estar
"ũpatel, scupeta",escopeta
"upe-, (rep) upeepe-",romperse
upj,cerca (cercado)
ũpj-,fugarse
"upj-, (rep) ũpjũupj-",brincar
upjãa-,cercar
upja'pja-,parpadear
u'pni,lugar de habitación
"u'pni, ũsni",morada
u'psa,habitante
u'pu-,habitar
u'pu-,morar
"upy-, casej-, jycuuqui'-",nacer
upyni,lugar de nacimiento
upyni,nacimiento
us,fríjol
us,riñón
us,vez
ũs-,conceder
ũs-,estar
us cja'ty,vaina de fríjol
us fi'j,fríjol (rayado)
ũs quiwe,"lugar habitual, patria"
us tandy,fríjol (corazón de buey)
"us tsep, us tapia",fríjol cacha
usa,hoz
"uschi', menz shã'py",tijereta (ave)
"u'se, u'sesa",nuevo
ũshi-,desparramarse
ũshi-,regarse
ũshi'ndy (ũchji'ndy),mezquino
ũshi'ndy- (ũchji'ndy-),mezquinar
"ũshi'ndy- (ũchji'ndy-) , sendy-",ser mezquino
"ũshi'ndy, ũchji'ndy",tacaño
usmity,alacrán
ũsu-,dar
uswa'l,chachafruto (árbol)
ũsya' neeyũu-,prometer
uta,lleno
utãa-,llenar
ũtj,batata
ũtj,muchilero (ave)
"u'tj; me'j, me'jwe (contestación)",adiós! (interj. de despedida)
utse tash,mata de aguacate
ũ'tsj-,cepillar
ũ'tsj-,labrar madera
ũ'tsj-,rebanar
"utsje-, (rep) utsje'tse-",tocar (con la mano)
utya,junto a
"utya, utyate, jyu'jmẽe.","cerca, cerca de"
utyáa-,acercarse
uu-,fallecer
uu-,morir
ũu,sí (adv.afirm)
"uu en, uuwa'j, uuni",muerte
uu pi'cy-,velar (de noche al lado de un difunto)
ũuchcue,un rato
ũuchi-,disminuir
ũucj-,asustarse
ũucj-,tener
ũucj-,tener miedo
ũucj yajcy-,atemorizarse
"ũucjũucj, ũucjũucjsa",espantoso
ũucjũucja',peligroso
uucue'j-,aplanar (v.t )
uucue'je-,allanar
uujsã,sembrador
"uuni cacue, cacue cja'ty",cadáver
uunsã,difunto (adj.)
ũus,alma
ũus,corazón
ũus,germen (parte de la semilla)
ũus chjãchjasa,valiente
ũus ũpjũpj-,latir
ũus ũpjũpj-,palpitar
ũus yaacyni,pensamiento
uusã jycuet dyi'tj,calavera
"uusãa, uunī",muerto
"ũusacha-, ũuscha-",enojarse
ũuscha yajcy-,incomodarse
ũuschani,enojo
ũusdyi'j-,suspirar
ũusẽe-,respirar
ũuseni,respiración
ũuse'se-,jadear
ũuseweete,aliento
ũuspa'-,asfixiarse
ũuste wẽt ũswa'ja',paz
ũusutjeni,conciencia
uutjash,sembrado
uutsyã'ja',moribundo
uuwa'jmẽe,inmortal
uuwa'jsa,mortal
uwe-,agarrar
uwe-,prender (coger preso)
ũ'we-,picar (insectos)
ũ'wẽ,harina
uwe cu'jni,baile de la boda
"uwe-, pu'uwe-",coger
"uwu-, amby-",rebosar
uy-,conseguir
uy-,encontrar
uy-,hallar
u'y,hembra
u'y,mujer
u'y pyacj,concuñada
"uy-, tjeng-",ver
uycjẽw-,pasar de un lado a otro
uyī-,pegar
ũytjas-,esperar
-va,también
"-vacy,-va'cy",pues
vichacue,ave
vichacue cjas,piusa
vichacue yat,nido de pájaro
"vichacue, vijcha",pájaro
vicysa,cazador
viits-,echar espigas
"viits, spiiga",espiga
viitsu-,"espigar, echar espigas"
vijcy-,cazar
vijcy-,ladrar
vijya-,indicar (con el dedo)
villa,hebilla
"vis-, sũupi'j-",desyerbar
"vis-, visu's-",juguetear
vit vite,uno tras otro
"vit-, yũu-",hacer
vite,"otro, otra"
vite',y (una lista)
vite cuscuscjẽ,pasado mañana
"vite enejẽ, vite cuscay",pasado mañana
vite jīi,ajeno
vite ji's ji'pju wẽeni,codicia
vitni,hecho
vitrra nvijt-,designar (nombrar a un puesto)
vits,colina
vits,punta
vits wala,montaña
vitsa,hacedor
vitssu,serranía
vitu-,echar a perder
vitu-,perderse
vitu'tu-,corcovear
vitvite,uno tras otro
vity,puerta
vitywe'sh,espíritu guardián
vitywe'sh,ser sobrenatural
vyaa-,aparecer
vyaamẽe-,desaparecer
vyaasa,visible
"vyajnd-, (rep) vyandu'ndu-",blandir
vyllili,garra
vyllill,"dedo (medida, el ancho de un dedo)"
vyllill,pezuña
vyllill,uña
vyllillīi-,escarbar (con uñas)
vyu,dinero
vyu,plata (moneda)
vyuu bee,dorado
vyuu bee altal,altar hecho de oro
vyuu bej,oro
vyuu chijme,plata (metal)
vyuu cnay-,ganar (dinero)
vyuu ets,billete
vyuu mush,moneda fraccionaria
wa',rancho
waacji'cji'j-,pisotear
waataani,abandonado
"wãatãj-, (rep) wãatãtãj-",botar
"wãatãj-, (rep) wãatãtãj-",tirar (arrojar con la mano)
"waataj-, tjengmẽe nvijt-",abandonar
waawa'j-,remover
waca-,cosechar (trigo)
wãca,cangrejo
"waca-, twajca-, (rep) wacaaca-, twaaca'ca-",cortar (en pedazos)
"waca'ca-, atscue-, tjuja'ja-",tambalearse
waccha,"huérfano, a (m,f)"
wã'chja,collar
wã'chja,gargantilla
wa'cj,musgo
wacú,garrapata
"wa'cy-,",morder
wagãs yuwe,español
"wagãs yuwe, llinu (T)",idioma castellano
"wagãs yuwe, llínu (T)",castellano
"wagás, mushca (T)","blanco (de la raza blanca) (m,f)"
"wagãs, mushca (T)",gente (no indígena)
waga'te dyi'tj,malacate (para hilar)
wã'ji-,formar granos
wajty-,cansarse
wajwa,suave
wãjy,hiel
wã'jy,grano (tumorcillo)
wã'jy,llaga
wãjy chanzhãa-,fumar
"wãjy, wẽjy (T)",tabaco
wa'l-,estar renuente
wa'l-,rehusar hacer
wa'l-,tener pereza
wala,"mucho (adj, adv)"
wala jiisa,inteligente
wala pa'ga,caro
wala pa'gasa,costoso
wala wecha yuja',es muy grato
"wala, iimẽj",muy
"wala, jyu'j",alto
"wala, majcy",grande
walãa-,crecer
walasa,importante
"wallinde, wellinda",aguardiente
wa'lsa,desinclinado
wa'lsa,renuente (desinclinado hacer algo)
"walta, tul",huerta
wantaī-,aguantar
wat,caripaspada (de mejillas rosadas)
wat-,dorarse (tostar ligeramente)
wata-,espesar (v. i)
wa'ta,montura (silla de montar)
wa'ta spajcy-,desensillar
"wata, fitse",espeso
"wa'ta'j-, wa’ta atyaj-",ensillar
wa'ta'jni,ensillado
wa'ts,arepa
"wats, chimby ej",roza
"watse, wetse",raíz
wãtsja-,pellizcar
"wa'tsju-, (rep) wa'tsju'ju-",aplastar
wa'tsju'j-,hacer arepa
watsu-,rozar
wa'ty- (wa'cy-),picar (víboras)
watycue yuu-,volverse perezoso
"watycue, watycuesa",perezoso
watyni,cansado
wawa,abejón
wawa,algodón
wãwã mil,miel de abejas
"wa'wa-, chimby-, chiiwa'wa-",podrirse
"wa'wa, chimbyni",podrido
way-,abrir (la boca)
"wãyãy, wẽyīy",comadreja
wayīi- (weyīi-),gritar
wãyíi- (wẽyīi-),gatear
wecha,grato
wecha-,besar
wecha-,complacer
wecha-,regocijarse
wecha en,felicidad
wecha en,regocijo
wecha pu'chj-,felicitar
wecha yuja,alegría
wecháa-,saludar
wechãa-,agradecer
wechana,contento
"wechana ũs-, wechana u'p-",estar contento
"wechuung, wechuui'cue",gracias (agradeciendo un favor)
wechwecha,gozo
wechwecha caayaqui'j-,alegrar
wechwecha yajcy-,alegrarse
wee,enfermedad
wee,epidemia
wee,peste
wee cnay-,contraer una enfermedad
wee cnay-,padecer (enfermedad)
"weech-, weech we'we-, npeevyshijca-",burlar
weechi-,rechazar
wẽepang-,demostrar tener hambre
wẽepang-,estar hambriento
"wẽeshu-, iiwẽeshu-",insultar
"wẽeshu-, pcyuuwe'we-",ultrajar
"wẽeshuni, pcyuuwe'weni",ultraje
weeswẽe,bravo
weeswẽe,feroz
"wẽet-, iiwẽet-",sanarse
wej,puente
wej yujva,"ni siquiera, ni un poco"
"we'j, petyi'jni",escalera
"wej, wejcuẽ","poco, poquito"
wejcue,leve
"wejcue shijca-, anzu-, (rep) anzu'nzu-",sonreír
wẽje-,tener hambre
wẽjẽ,hambre
wẽjẽ en,escasez
wẽjẽ en,hambre (tiempo de escasez)
weji-,endurecerse
wejy,duro
wejy,más (adv.comp)
wejya,aire
wejya,viento
wejyãa-,ventear
wejya'jya-,correr brisa
wejyva,antes bien
well,loro (ave)
we'll,tieso  (adj )
well wala,guacamayo (ave)
we'lli-,ponerse tieso
wendy,"pescado, pez"
wendy-,gustar
wendy-,querer
wendy cja'ty,escama
wendy ñujnz,anzuelo
wendy ucje,atarraya
wendy uwe-,pescar
wendy uwesã,pescador
"wendy-, peeygãj-",asar
wendynisa,querido
wenze,marteja (nono nocturno)
wenze,mono nocturno
wenze,verruga
"wenzh-, (rep) wenzhi'nzh-",arrastrar
"wenzh-, (rep) wenzhi'nzhi-",halar
we'pe,páramo
we'pe ñus,páramo (llovizna)
wes,"cuerda (guasca, piola)"
wes,guasca
wes,piola
"wes, ucj, ũ'shic",gusano
wẽse,fleco (borde de la ruana)
wẽse'j-,escuchar
wẽsẽ'j-,oír
wẽsẽ'jsa,"oyente (m,f)"
wẽt,sabroso
wẽt fi'nzem',alentado
wẽt putáa-,oler (bien)
wẽt putasã,olor (fragante)
wẽt u'ju-,gozar
wẽt ũs-,estar alentado
"wẽt, wẽtwẽt",agradable (al gusto)
wete-,caer
weterra ũs-,estar caído
we'tj,lanza
wẽtmẽe,desagradable
wẽtwẽt,alegre
we'we-,hablar
we'weni,habla
we'weni,voz
we'weya' ãjasamẽe,mudo
wey-,comprar
weynī,comprado
weysã,"comprador (m,f)"
wũw-,mecer
wuwũu-,correr
ya’ja,mochila
yaaca-,sentir dolor
yaacha-,sentir calor
yaacynimeete,sorpresivamente
"yaaja-, (rep) yãaja'ja-",apuñalar
yaanz-,cubrirse (con cobija)
yaapj-,cubrirse
yaapj-,taparse el rostro
"yaase-, ya'yaase-",llamarse
yaasesa,nombrado
yaatse-,ser despreciado
yaatseni,despreciado
yaatsjunde-,desengarzarse
yaatu'j,hacer nido
yaatul,fuete
yaawee,paludismo
ya'cach-,ser vencido
ya'castigaī-,ser castigado
yacha-,acalorarse
yachi- (yechi-),desangrarse
yacj,con (prep: indica acompañamiento)
yacj-,cargar (en los brazos)
yacj-,llevar en el hombro o en los brazos
yacjtjẽ'j,hermana mayor
yacjtjẽ'j,hermano mayor
ya'cpajcy-,dejarse alcanzar
ya'cpã'yuu-,lastimarse
ya'ctishi-,detenerse
yacue,cresta (del gallo)
ya'cysus-,ser nombrado
ya'ducj-,entregarse
ya'dycjas,cabelludo
ya'fi'nze-,pasar el tiempo
yafy,ojo
yafy chic,legaña
yafy cjas,ceja
yafy cjas,pestaña
yafy cja'ty,párpado
yafy dyus,niña del ojo
yafy ji'pjmeesa,ciego
yafy menzu,vistazo oblicuo
yafy puuple,tuerto
"yafy yu', yafy dyic",lágrima
yafya's upj-,cerrar los ojos
yafyte vyaasamẽe,invisible
ya'gaña-,dejarse engañar
ya'icj-,suicidarse
ya'iweech-,ser burlado
yaj,amargo
yaj,picante
yã'j,ya
"yaj, yu'cj wes",bejuco
yaja-,amargar
ya'ja,jigra
yãja- (ñaja-),punzar
"yaja- (ñaja-), ucje-",chuzar
ya'ja bite,jigra de colores
yajcy,trampa (con guasca)
yajcy-,atrapar
yajcy-,despertarse
yajcy-,echar de menos
yajcy-,sentir
"yajcy-, ũus yajcy-",pensar
"yajcy-, ũusutje-",recordar
ya'jiyu-,entender
yajpe-,sorber
"yajpe-, (rep) yapeepe-",probar (un alimento)
"yajta-, (rep) ya'tata-",sacudir
yajtse-,disgustarse
ya'jypumba-,engañarse
ya'jytund-,ceñirse
ya'luch,prole
"yamu-, iiyamii- (iinamu-)",adueñarse
"ya'ndu-, yaandũu-",enredarse
"yandy, ñandy (T)",nevado
ya'neeyũu-,ser dejado
ya'nwe'we-,librarse
yap,envoltura
"yap-, scand-, (rep) scandu'ndu-",envolver
"ya'patj-, cja'-",abrigarse
ya'pcji'cj-,ser lavado
ya'pechcanu-,olvidarse
ya'pjupj-,protegerse
yapni,envuelto
ya'ptjãawe-,ser agredido
"yapujnde-, yaptende-",desenvolver
yã'py-,cobijarse juntos
ya'qui-,poner arete
ya'sca'j-,retroceder
yase-,bautizar
yase-,poner nombre
"yase, yese",nombre
yaseni,bautizo
yasenisa,bautizado
yash,borrachero
ya'spẽ'tj-,cortarse
yat,casa
yat chinda,estantillo
yat cluu,caballete
yat cluu,cumbrera de la casa
yat cuejcue,techo
yat menz (lit. cola de la casa),alero
yat punza,rincón
yat punza eca,esquina (de la casa)
yat pwa',cobertizo (de la casa)
"yat pwa', cneetul (T)",corredor (de una casa)
yat ta'ng,casa en forma de L
yat tjũ'wẽ (lit. orejas de la casa),saliente del vértice del techo
yat tul,casa con patio adentro
yat tyaj-,edificar
yat um-,techar
yata's pqui'j-,dar posada
yate-,purificar
"yatsgawe'sh, manteywe'sh, ju'ngtjẽ'jwe'sh",antepasados
yatsqui'p-,adelantar (mover hacia adelante)
yatsqui'p-,arrear
yatste,adelante
yattewe'sh,familia
ya'tyaj-,cargar (en la espalda)
ya'ũucj-,ser temible
ya'ũucjsa,déspota
ya'wecha-,ser saludado
yaya-,temblar (persona)
ya'yaase-,ser llamado
ya'yuu-,acontecer
ya'yuu-,suceder
ye'ch,retoño
yechi-,sangrar
ye'chi-,retoñar
yeele-,sentir cosquillas
"yeetse-, cumãa-",tener frío
yeetsu-,echar hojas
yeletjẽ'j,cosquilloso
ye'tsje-,sentir (cuando otro le toca)
yevi,llave
yu' acha,agua caliente
yu' caaj-,regar (agua)
yu' susũu-,escurrir
yu‘,agua
yu‘,líquido
yu‘ putssu,orilla (a lo largo del río)
"yu'a-, yu'wa-",volverse agua
yu'acj-,meter en
yu'amb-,meter en
yu'ãsh-,meter debajo de
yuc,fondo
yuc dyi'tj,cadera
"yuc, yuc chich",nalga
yu'chãchã,caudal
"yu'chafy-, yu'spẽ'tj-",tropezar
yu'cj,bosque
yu'cj,monte (bosque)
yu'cj cuchi,saíno
yu'cj ech,animal silvestre
yu'cj nasa,guerrillero
yu'cj tumb,paloma silvestre
yu'cj wala,selva
yu'cja-,crecer (monte) (v-i)
yucnenga,rabo
yu'cuet,hielo
yu'cypeeni,consejo
yu'cypej-,aconsejar
yu'cypej-,amonestar
yu'īts,manantial
yu'īts,ojo de agua
yuj-,venir
yuja'j-,tasajear
"yuju-, tishi-",pararse
yujurra ũs-,"estar parado, de pie"
yujurra ũs-,"parado, de pie"
yul,deuda
yul ducj-,abonar (acreditar a la cuenta)
yul ducj-,pagar deuda
"yul, yuul",cuenta
yu'le'ch,riachuelo
yultumu,mayordomo
yulu-,endeudarse
"yulusã, yulsã",deudor
yu'mity,cántaro
"yu'nutre, yu'alcu",nutria
"yunz cafy, ñunz cafy",ojo de aguja
yup-,atajar
yup-,impedir
yu'pets,vado
yupsa,impedimento
yu'ptjej-,cambiar
yu'ptjej-,intercambiar
yu'ptjej-,transformar
yu'pusu,pozo
yu'quits,zanjón
"yus-, (rep) yusuus, yusu's",dar de beber
yuse'j-,rascar
yu'shãpy,bifurcación (del río)
yũsu- (ñusu-),entristecerse
"yũsu-, ñusna ũs-",estar triste
yutaa-,rellenar
yutj-,prender (leña)
yutj-,soplar candela con canuto
yutjãa,soplador
yu'tjeng-,mirar atrás
yu'tse,medicina
yu'tse,remedio
yu'tse'j-,curar
yu'tse'j-,medicinar
yu'tse'je-,dar remedio
yu'tsesa,médico
"yu'tsesa, pilwe'sh, tjẽ'j yu'tsesa",curandero
yu'tũchjasã,ola (del río o mar)
yu'tya-,sonsacar
"yutyi, jycuet yutyi",fontanela
yuu-,ser
yũucue,tío (hermano del papá)
yuul pẽjy-,cobrar (una deuda)
yuul pẽysa,cobrador
yũuna-,ayunar
yũunani,ayuno
yuuse'je-,dar rasquiña
yuuta-,llenar
yuuwe,culpa
yuuwe,delito
yuuwemeesa,inocente
yuuwesa,culpable (adj.)
yu'waca,acequia
yu'wala,río
yuwe,asunto
yuwe,boca
yuwe,idioma
yuwe,noticia
yuwe caaj-,mandar razón
yuwe cjas,barba
yuwe csuusu'j-,empezar un escándalo
yuwe ewũu-,reconciliar
yuwe pu'ch-,abogar
yuwe quiis-,levantar chisme
yuwe ucje'j-,echar la culpa
yuwe ũs-,quejarse (acusar a otro)
yuwe ũssa,quejoso
yuwe wa'jy,afta
yuwe wecha,saludo
yuwe wecha caaj-,mandar saludos
"yuwe, we'weni",palabra
"yuwe, yuwe vits, yuwe cja'ty",labio
yuwee pta'shsa,mensajero
yũ'wẽeni,sed
yũ'wẽesa,sediento
yũ'wẽje-,tener sed
yuwe's apj-,encubrir
yu'y-,chupar caña
zec,filo
"zeecu'j-, shush-",afilar
ze'nze,planta (especie de)
zhichcue,bonito
"zi'nzi-, sndaanda-",zumbar
zits,huevo
zits bej,yema de huevo
zits chijme,claro de huevo
zits cja'ty,cáscara
ziyaji-,chirriar
zmeena',resplandor
zu'cy-,atascarse
"zuna'-, nuyzuna'-, tenz-, ptenz-",apretar
zuntete-,resplandecer
zunz,angosto
"zunz, zunzcuẽ",agudo (tono)
zunzu-,adelgazarse
zunzu-,estirar
zupy,polilla (insecto)
zuuna',apretado
"zyaa-, (rep) zyayaa-",rechinar
